--
-- PostgreSQL database dump
--

-- Dumped from database version 15.0 (Debian 15.0-1.pgdg110+1)
-- Dumped by pg_dump version 15.0 (Debian 15.0-1.pgdg110+1)

SET statement_timeout = 0;
SET lock_timeout = 0;
SET idle_in_transaction_session_timeout = 0;
SET client_encoding = 'UTF8';
SET standard_conforming_strings = on;
SELECT pg_catalog.set_config('search_path', '', false);
SET check_function_bodies = false;
SET xmloption = content;
SET client_min_messages = warning;
SET row_security = off;OPYcount_changes(integer, integer); Type: FUNCTION; Schema: public; Owner: postgres
--

CREATE FUNCTION public.count_changes(order_id integer, user_id integer) RETURNS integer
    LANGUAGE sql
    AS $$
    select count(*) from order_data as od where od.order_id=order_id and od.author_id = user_id;
$$;


ALTER FUNCTION public.count_changes(order_id integer, user_id integer) OWNER TO postgres;

--
-- Name: update_order(integer, text, integer, integer, integer, integer[]); Type: PROCEDURE; Schema: public; Owner: postgres
--

CREATE PROCEDURE public.update_order(IN order_id integer, IN description text, IN sender_id integer, IN receiver_id integer, IN author_id integer, IN package_ids integer[])
    LANGUAGE plpgsql
    AS $$
    declare
        package_id integer;
        order_data_id bigint;
    begin
        insert into order_data (order_id, description, sender_id, receiver_id, author_id, date) values (order_id, description, sender_id, receiver_id, author_id, now()) returning id into order_data_id;
        raise NOTICE 'create order_data_id: %',order_data_id;
        foreach package_id in array package_ids
        loop 
            insert into order_data_packages(order_data_id, package_id) values (order_data_id, package_id);
        end loop;
    end;
$$;


ALTER PROCEDURE public.update_order(IN order_id integer, IN description text, IN sender_id integer, IN receiver_id integer, IN author_id integer, IN package_ids integer[]) OWNER TO postgres;

--
-- Name: update_users(); Type: FUNCTION; Schema: public; Owner: postgres
--

CREATE FUNCTION public.update_users() RETURNS trigger
    LANGUAGE plpgsql
    AS $$
    declare
        description text = 'Name changed from ' || old.name || ' to ' || new.name;
    begin
    insert into users_history( date, user_id, description) values (now(), old.id, description);
    return NEW;
    end;
$$;


ALTER FUNCTION public.update_users() OWNER TO postgres;

SET default_tablespace = '';

SET default_table_access_method = heap;

--
-- Name: addresses; Type: TABLE; Schema: public; Owner: postgres
--

CREATE TABLE public.addresses (
    id bigint NOT NULL,
    number text,
    country_id bigint NOT NULL,
    voivodeship_id bigint NOT NULL,
    postal_office_id bigint NOT NULL,
    street_id bigint NOT NULL,
    town_id bigint NOT NULL
);


ALTER TABLE public.addresses OWNER TO postgres;

--
-- Name: addresses_id_seq; Type: SEQUENCE; Schema: public; Owner: postgres
--

CREATE SEQUENCE public.addresses_id_seq
    START WITH 1
    INCREMENT BY 1
    NO MINVALUE
    NO MAXVALUE
    CACHE 1;


ALTER TABLE public.addresses_id_seq OWNER TO postgres;

--
-- Name: addresses_id_seq; Type: SEQUENCE OWNED BY; Schema: public; Owner: postgres
--

ALTER SEQUENCE public.addresses_id_seq OWNED BY public.addresses.id;


--
-- Name: clients; Type: TABLE; Schema: public; Owner: postgres
--

CREATE TABLE public.clients (
    id bigint NOT NULL,
    name text,
    address_id bigint NOT NULL
);


ALTER TABLE public.clients OWNER TO postgres;

--
-- Name: clients_id_seq; Type: SEQUENCE; Schema: public; Owner: postgres
--

CREATE SEQUENCE public.clients_id_seq
    START WITH 1
    INCREMENT BY 1
    NO MINVALUE
    NO MAXVALUE
    CACHE 1;


ALTER TABLE public.clients_id_seq OWNER TO postgres;

--
-- Name: clients_id_seq; Type: SEQUENCE OWNED BY; Schema: public; Owner: postgres
--

ALTER SEQUENCE public.clients_id_seq OWNED BY public.clients.id;


--
-- Name: countries; Type: TABLE; Schema: public; Owner: postgres
--

CREATE TABLE public.countries (
    id bigint NOT NULL,
    name text
);


ALTER TABLE public.countries OWNER TO postgres;

--
-- Name: countries_id_seq; Type: SEQUENCE; Schema: public; Owner: postgres
--

CREATE SEQUENCE public.countries_id_seq
    START WITH 1
    INCREMENT BY 1
    NO MINVALUE
    NO MAXVALUE
    CACHE 1;


ALTER TABLE public.countries_id_seq OWNER TO postgres;

--
-- Name: countries_id_seq; Type: SEQUENCE OWNED BY; Schema: public; Owner: postgres
--

ALTER SEQUENCE public.countries_id_seq OWNED BY public.countries.id;


--
-- Name: order_data; Type: TABLE; Schema: public; Owner: postgres
--

CREATE TABLE public.order_data (
    id bigint NOT NULL,
    order_id bigint NOT NULL,
    description text,
    date timestamp without time zone,
    sender_id bigint NOT NULL,
    receiver_id bigint NOT NULL,
    author_id bigint NOT NULL
);


ALTER TABLE public.order_data OWNER TO postgres;

--
-- Name: last_order_data_id_for_order_id; Type: VIEW; Schema: public; Owner: postgres
--

CREATE VIEW public.last_order_data_id_for_order_id AS
 SELECT od.order_id,
    ( SELECT odi.id
           FROM public.order_data odi
          WHERE (odi.order_id = od.order_id)
          ORDER BY odi.date DESC
         LIMIT 1) AS order_data_id
   FROM public.order_data od
  GROUP BY od.order_id
  ORDER BY od.order_id;


ALTER TABLE public.last_order_data_id_for_order_id OWNER TO postgres;

--
-- Name: order_data_id_seq; Type: SEQUENCE; Schema: public; Owner: postgres
--

CREATE SEQUENCE public.order_data_id_seq
    START WITH 1
    INCREMENT BY 1
    NO MINVALUE
    NO MAXVALUE
    CACHE 1;


ALTER TABLE public.order_data_id_seq OWNER TO postgres;

--
-- Name: order_data_id_seq; Type: SEQUENCE OWNED BY; Schema: public; Owner: postgres
--

ALTER SEQUENCE public.order_data_id_seq OWNED BY public.order_data.id;


--
-- Name: order_data_packages; Type: TABLE; Schema: public; Owner: postgres
--

CREATE TABLE public.order_data_packages (
    id bigint NOT NULL,
    order_data_id bigint NOT NULL,
    package_id bigint NOT NULL
);


ALTER TABLE public.order_data_packages OWNER TO postgres;

--
-- Name: order_data_packages_id_seq; Type: SEQUENCE; Schema: public; Owner: postgres
--

CREATE SEQUENCE public.order_data_packages_id_seq
    START WITH 1
    INCREMENT BY 1
    NO MINVALUE
    NO MAXVALUE
    CACHE 1;


ALTER TABLE public.order_data_packages_id_seq OWNER TO postgres;

--
-- Name: order_data_packages_id_seq; Type: SEQUENCE OWNED BY; Schema: public; Owner: postgres
--

ALTER SEQUENCE public.order_data_packages_id_seq OWNED BY public.order_data_packages.id;


--
-- Name: orders; Type: TABLE; Schema: public; Owner: postgres
--

CREATE TABLE public.orders (
    id bigint NOT NULL
);


ALTER TABLE public.orders OWNER TO postgres;

--
-- Name: orders_id_seq; Type: SEQUENCE; Schema: public; Owner: postgres
--

CREATE SEQUENCE public.orders_id_seq
    START WITH 1
    INCREMENT BY 1
    NO MINVALUE
    NO MAXVALUE
    CACHE 1;


ALTER TABLE public.orders_id_seq OWNER TO postgres;

--
-- Name: orders_id_seq; Type: SEQUENCE OWNED BY; Schema: public; Owner: postgres
--

ALTER SEQUENCE public.orders_id_seq OWNED BY public.orders.id;


--
-- Name: users; Type: TABLE; Schema: public; Owner: postgres
--

CREATE TABLE public.users (
    id bigint NOT NULL,
    name text
);


ALTER TABLE public.users OWNER TO postgres;

--
-- Name: orders_status; Type: VIEW; Schema: public; Owner: postgres
--

CREATE VIEW public.orders_status AS
 SELECT o.id AS order_id,
    od.id AS order_data_id,
    od.description,
    od.date,
    cs.name AS sender_name,
    cr.name AS receiver_name,
    u.name AS worker
   FROM (((((public.orders o
     JOIN public.last_order_data_id_for_order_id l ON ((l.order_id = o.id)))
     JOIN public.order_data od ON ((l.order_data_id = od.id)))
     JOIN public.clients cs ON ((cs.id = od.sender_id)))
     JOIN public.clients cr ON ((cr.id = od.receiver_id)))
     JOIN public.users u ON ((u.id = od.author_id)));


ALTER TABLE public.orders_status OWNER TO postgres;

--
-- Name: package_types; Type: TABLE; Schema: public; Owner: postgres
--

CREATE TABLE public.package_types (
    id bigint NOT NULL,
    name text
);


ALTER TABLE public.package_types OWNER TO postgres;

--
-- Name: package_types_id_seq; Type: SEQUENCE; Schema: public; Owner: postgres
--

CREATE SEQUENCE public.package_types_id_seq
    START WITH 1
    INCREMENT BY 1
    NO MINVALUE
    NO MAXVALUE
    CACHE 1;


ALTER TABLE public.package_types_id_seq OWNER TO postgres;

--
-- Name: package_types_id_seq; Type: SEQUENCE OWNED BY; Schema: public; Owner: postgres
--

ALTER SEQUENCE public.package_types_id_seq OWNED BY public.package_types.id;


--
-- Name: packages; Type: TABLE; Schema: public; Owner: postgres
--

CREATE TABLE public.packages (
    id bigint NOT NULL,
    description text,
    weight integer NOT NULL,
    package_type_id bigint NOT NULL
);


ALTER TABLE public.packages OWNER TO postgres;

--
-- Name: packages_id_seq; Type: SEQUENCE; Schema: public; Owner: postgres
--

CREATE SEQUENCE public.packages_id_seq
    START WITH 1
    INCREMENT BY 1
    NO MINVALUE
    NO MAXVALUE
    CACHE 1;


ALTER TABLE public.packages_id_seq OWNER TO postgres;

--
-- Name: packages_id_seq; Type: SEQUENCE OWNED BY; Schema: public; Owner: postgres
--

ALTER SEQUENCE public.packages_id_seq OWNED BY public.packages.id;


--
-- Name: packages_weight_seq; Type: SEQUENCE; Schema: public; Owner: postgres
--

CREATE SEQUENCE public.packages_weight_seq
    AS integer
    START WITH 1
    INCREMENT BY 1
    NO MINVALUE
    NO MAXVALUE
    CACHE 1;


ALTER TABLE public.packages_weight_seq OWNER TO postgres;

--
-- Name: packages_weight_seq; Type: SEQUENCE OWNED BY; Schema: public; Owner: postgres
--

ALTER SEQUENCE public.packages_weight_seq OWNED BY public.packages.weight;


--
-- Name: postal_offices; Type: TABLE; Schema: public; Owner: postgres
--

CREATE TABLE public.postal_offices (
    id bigint NOT NULL,
    zip_code text,
    town_id bigint NOT NULL
);


ALTER TABLE public.postal_offices OWNER TO postgres;

--
-- Name: postal_offices_id_seq; Type: SEQUENCE; Schema: public; Owner: postgres
--

CREATE SEQUENCE public.postal_offices_id_seq
    START WITH 1
    INCREMENT BY 1
    NO MINVALUE
    NO MAXVALUE
    CACHE 1;


ALTER TABLE public.postal_offices_id_seq OWNER TO postgres;

--
-- Name: postal_offices_id_seq; Type: SEQUENCE OWNED BY; Schema: public; Owner: postgres
--

ALTER SEQUENCE public.postal_offices_id_seq OWNED BY public.postal_offices.id;


--
-- Name: streets; Type: TABLE; Schema: public; Owner: postgres
--

CREATE TABLE public.streets (
    id bigint NOT NULL,
    name text
);


ALTER TABLE public.streets OWNER TO postgres;

--
-- Name: streets_id_seq; Type: SEQUENCE; Schema: public; Owner: postgres
--

CREATE SEQUENCE public.streets_id_seq
    START WITH 1
    INCREMENT BY 1
    NO MINVALUE
    NO MAXVALUE
    CACHE 1;


ALTER TABLE public.streets_id_seq OWNER TO postgres;

--
-- Name: streets_id_seq; Type: SEQUENCE OWNED BY; Schema: public; Owner: postgres
--

ALTER SEQUENCE public.streets_id_seq OWNED BY public.streets.id;


--
-- Name: towns; Type: TABLE; Schema: public; Owner: postgres
--

CREATE TABLE public.towns (
    id bigint NOT NULL,
    name text
);


ALTER TABLE public.towns OWNER TO postgres;

--
-- Name: towns_id_seq; Type: SEQUENCE; Schema: public; Owner: postgres
--

CREATE SEQUENCE public.towns_id_seq
    START WITH 1
    INCREMENT BY 1
    NO MINVALUE
    NO MAXVALUE
    CACHE 1;


ALTER TABLE public.towns_id_seq OWNER TO postgres;

--
-- Name: towns_id_seq; Type: SEQUENCE OWNED BY; Schema: public; Owner: postgres
--

ALTER SEQUENCE public.towns_id_seq OWNED BY public.towns.id;


--
-- Name: users_history; Type: TABLE; Schema: public; Owner: postgres
--

CREATE TABLE public.users_history (
    id bigint NOT NULL,
    user_id bigint NOT NULL,
    description text,
    date timestamp without time zone
);


ALTER TABLE public.users_history OWNER TO postgres;

--
-- Name: users_history_id_seq; Type: SEQUENCE; Schema: public; Owner: postgres
--

CREATE SEQUENCE public.users_history_id_seq
    START WITH 1
    INCREMENT BY 1
    NO MINVALUE
    NO MAXVALUE
    CACHE 1;


ALTER TABLE public.users_history_id_seq OWNER TO postgres;

--
-- Name: users_history_id_seq; Type: SEQUENCE OWNED BY; Schema: public; Owner: postgres
--

ALTER SEQUENCE public.users_history_id_seq OWNED BY public.users_history.id;


--
-- Name: users_id_seq; Type: SEQUENCE; Schema: public; Owner: postgres
--

CREATE SEQUENCE public.users_id_seq
    START WITH 1
    INCREMENT BY 1
    NO MINVALUE
    NO MAXVALUE
    CACHE 1;


ALTER TABLE public.users_id_seq OWNER TO postgres;

--
-- Name: users_id_seq; Type: SEQUENCE OWNED BY; Schema: public; Owner: postgres
--

ALTER SEQUENCE public.users_id_seq OWNED BY public.users.id;


--
-- Name: voivodeships; Type: TABLE; Schema: public; Owner: postgres
--

CREATE TABLE public.voivodeships (
    id bigint NOT NULL,
    name text
);


ALTER TABLE public.voivodeships OWNER TO postgres;

--
-- Name: voivodeships_id_seq; Type: SEQUENCE; Schema: public; Owner: postgres
--

CREATE SEQUENCE public.voivodeships_id_seq
    START WITH 1
    INCREMENT BY 1
    NO MINVALUE
    NO MAXVALUE
    CACHE 1;


ALTER TABLE public.voivodeships_id_seq OWNER TO postgres;

--
-- Name: voivodeships_id_seq; Type: SEQUENCE OWNED BY; Schema: public; Owner: postgres
--

ALTER SEQUENCE public.voivodeships_id_seq OWNED BY public.voivodeships.id;


--
-- Name: addresses id; Type: DEFAULT; Schema: public; Owner: postgres
--

ALTER TABLE ONLY public.addresses ALTER COLUMN id SET DEFAULT nextval('public.addresses_id_seq'::regclass);


--
-- Name: clients id; Type: DEFAULT; Schema: public; Owner: postgres
--

ALTER TABLE ONLY public.clients ALTER COLUMN id SET DEFAULT nextval('public.clients_id_seq'::regclass);


--
-- Name: countries id; Type: DEFAULT; Schema: public; Owner: postgres
--

ALTER TABLE ONLY public.countries ALTER COLUMN id SET DEFAULT nextval('public.countries_id_seq'::regclass);


--
-- Name: order_data id; Type: DEFAULT; Schema: public; Owner: postgres
--

ALTER TABLE ONLY public.order_data ALTER COLUMN id SET DEFAULT nextval('public.order_data_id_seq'::regclass);


--
-- Name: order_data_packages id; Type: DEFAULT; Schema: public; Owner: postgres
--

ALTER TABLE ONLY public.order_data_packages ALTER COLUMN id SET DEFAULT nextval('public.order_data_packages_id_seq'::regclass);


--
-- Name: orders id; Type: DEFAULT; Schema: public; Owner: postgres
--

ALTER TABLE ONLY public.orders ALTER COLUMN id SET DEFAULT nextval('public.orders_id_seq'::regclass);


--
-- Name: package_types id; Type: DEFAULT; Schema: public; Owner: postgres
--

ALTER TABLE ONLY public.package_types ALTER COLUMN id SET DEFAULT nextval('public.package_types_id_seq'::regclass);


--
-- Name: packages id; Type: DEFAULT; Schema: public; Owner: postgres
--

ALTER TABLE ONLY public.packages ALTER COLUMN id SET DEFAULT nextval('public.packages_id_seq'::regclass);


--
-- Name: packages weight; Type: DEFAULT; Schema: public; Owner: postgres
--

ALTER TABLE ONLY public.packages ALTER COLUMN weight SET DEFAULT nextval('public.packages_weight_seq'::regclass);


--
-- Name: postal_offices id; Type: DEFAULT; Schema: public; Owner: postgres
--

ALTER TABLE ONLY public.postal_offices ALTER COLUMN id SET DEFAULT nextval('public.postal_offices_id_seq'::regclass);


--
-- Name: streets id; Type: DEFAULT; Schema: public; Owner: postgres
--

ALTER TABLE ONLY public.streets ALTER COLUMN id SET DEFAULT nextval('public.streets_id_seq'::regclass);


--
-- Name: towns id; Type: DEFAULT; Schema: public; Owner: postgres
--

ALTER TABLE ONLY public.towns ALTER COLUMN id SET DEFAULT nextval('public.towns_id_seq'::regclass);


--
-- Name: users id; Type: DEFAULT; Schema: public; Owner: postgres
--

ALTER TABLE ONLY public.users ALTER COLUMN id SET DEFAULT nextval('public.users_id_seq'::regclass);


--
-- Name: users_history id; Type: DEFAULT; Schema: public; Owner: postgres
--

ALTER TABLE ONLY public.users_history ALTER COLUMN id SET DEFAULT nextval('public.users_history_id_seq'::regclass);


--
-- Name: voivodeships id; Type: DEFAULT; Schema: public; Owner: postgres
--

ALTER TABLE ONLY public.voivodeships ALTER COLUMN id SET DEFAULT nextval('public.voivodeships_id_seq'::regclass);


--
-- Data for Name: addresses; Type: TABLE DATA; Schema: public; Owner: postgres
--

INSERT INTO public.addresses VALUES (1, '86', 8, 6, 5, 4, 7);
INSERT INTO public.addresses VALUES (2, '69', 2, 3, 2, 7, 10);
INSERT INTO public.addresses VALUES (3, '93', 10, 9, 6, 8, 2);
INSERT INTO public.addresses VALUES (4, '37', 5, 10, 9, 4, 8);
INSERT INTO public.addresses VALUES (5, '59', 1, 2, 10, 7, 2);
INSERT INTO public.addresses VALUES (6, '37', 7, 5, 1, 2, 7);
INSERT INTO public.addresses VALUES (7, '8', 6, 7, 5, 7, 5);
INSERT INTO public.addresses VALUES (8, '84', 2, 5, 3, 3, 6);
INSERT INTO public.addresses VALUES (9, '43', 8, 1, 6, 5, 3);
INSERT INTO public.addresses VALUES (10, '71', 9, 8, 6, 3, 7);
INSERT INTO public.addresses VALUES (11, '74', 3, 5, 1, 2, 3);
INSERT INTO public.addresses VALUES (12, '9', 6, 2, 5, 4, 6);
INSERT INTO public.addresses VALUES (13, '36', 9, 9, 10, 6, 10);
INSERT INTO public.addresses VALUES (14, '7', 5, 4, 9, 4, 7);
INSERT INTO public.addresses VALUES (15, '60', 10, 8, 2, 3, 7);
INSERT INTO public.addresses VALUES (16, '20', 1, 4, 2, 8, 1);
INSERT INTO public.addresses VALUES (17, '70', 5, 10, 9, 8, 5);
INSERT INTO public.addresses VALUES (18, '58', 10, 9, 1, 1, 9);
INSERT INTO public.addresses VALUES (19, '26', 4, 4, 4, 3, 6);
INSERT INTO public.addresses VALUES (20, '100', 8, 9, 6, 5, 7);
INSERT INTO public.addresses VALUES (21, '99', 2, 1, 1, 1, 3);
INSERT INTO public.addresses VALUES (22, '30', 9, 8, 7, 1, 7);
INSERT INTO public.addresses VALUES (23, '48', 3, 9, 2, 3, 4);
INSERT INTO public.addresses VALUES (24, '56', 9, 1, 3, 6, 7);
INSERT INTO public.addresses VALUES (25, '58', 6, 10, 2, 9, 7);
INSERT INTO public.addresses VALUES (26, '37', 10, 7, 2, 6, 4);
INSERT INTO public.addresses VALUES (27, '1', 1, 3, 3, 1, 5);
INSERT INTO public.addresses VALUES (28, '35', 8, 1, 3, 9, 8);
INSERT INTO public.addresses VALUES (29, '2', 7, 9, 7, 4, 8);
INSERT INTO public.addresses VALUES (30, '82', 6, 4, 10, 8, 4);
INSERT INTO public.addresses VALUES (31, '51', 9, 6, 5, 7, 5);
INSERT INTO public.addresses VALUES (32, '51', 10, 7, 7, 1, 5);
INSERT INTO public.addresses VALUES (33, '54', 4, 3, 6, 6, 2);
INSERT INTO public.addresses VALUES (34, '40', 7, 2, 10, 3, 4);
INSERT INTO public.addresses VALUES (35, '24', 5, 1, 10, 3, 2);
INSERT INTO public.addresses VALUES (36, '12', 3, 1, 1, 5, 2);
INSERT INTO public.addresses VALUES (37, '92', 2, 2, 6, 2, 7);
INSERT INTO public.addresses VALUES (38, '1', 8, 2, 1, 7, 3);
INSERT INTO public.addresses VALUES (39, '6', 5, 7, 5, 2, 5);
INSERT INTO public.addresses VALUES (40, '58', 9, 9, 1, 5, 10);
INSERT INTO public.addresses VALUES (41, '36', 9, 5, 10, 4, 8);
INSERT INTO public.addresses VALUES (42, '68', 7, 5, 7, 5, 3);
INSERT INTO public.addresses VALUES (43, '43', 9, 9, 9, 3, 4);
INSERT INTO public.addresses VALUES (44, '96', 7, 3, 9, 1, 2);
INSERT INTO public.addresses VALUES (45, '1', 7, 9, 9, 2, 3);
INSERT INTO public.addresses VALUES (46, '38', 2, 1, 2, 10, 2);
INSERT INTO public.addresses VALUES (47, '10', 3, 3, 1, 8, 1);
INSERT INTO public.addresses VALUES (48, '24', 8, 2, 7, 1, 1);
INSERT INTO public.addresses VALUES (49, '13', 6, 9, 4, 7, 8);
INSERT INTO public.addresses VALUES (50, '39', 10, 10, 7, 2, 4);
INSERT INTO public.addresses VALUES (51, '48', 3, 10, 10, 10, 3);
INSERT INTO public.addresses VALUES (52, '9', 10, 8, 8, 8, 1);
INSERT INTO public.addresses VALUES (53, '35', 7, 2, 10, 5, 10);
INSERT INTO public.addresses VALUES (54, '10', 10, 1, 10, 10, 6);
INSERT INTO public.addresses VALUES (55, '21', 5, 4, 3, 2, 3);
INSERT INTO public.addresses VALUES (56, '37', 4, 6, 1, 9, 5);
INSERT INTO public.addresses VALUES (57, '12', 9, 1, 1, 8, 7);
INSERT INTO public.addresses VALUES (58, '46', 2, 2, 2, 1, 4);
INSERT INTO public.addresses VALUES (59, '6', 10, 8, 7, 10, 8);
INSERT INTO public.addresses VALUES (60, '4', 1, 7, 1, 3, 6);
INSERT INTO public.addresses VALUES (61, '74', 6, 6, 10, 10, 1);
INSERT INTO public.addresses VALUES (62, '62', 1, 5, 6, 8, 1);
INSERT INTO public.addresses VALUES (63, '43', 1, 2, 6, 6, 5);
INSERT INTO public.addresses VALUES (64, '95', 2, 1, 10, 1, 1);
INSERT INTO public.addresses VALUES (65, '78', 7, 1, 5, 9, 4);
INSERT INTO public.addresses VALUES (66, '58', 1, 5, 9, 4, 9);
INSERT INTO public.addresses VALUES (67, '63', 1, 10, 8, 10, 2);
INSERT INTO public.addresses VALUES (68, '52', 8, 6, 8, 3, 6);
INSERT INTO public.addresses VALUES (69, '85', 2, 7, 6, 10, 10);
INSERT INTO public.addresses VALUES (70, '11', 1, 7, 9, 5, 3);
INSERT INTO public.addresses VALUES (71, '14', 4, 9, 10, 10, 6);
INSERT INTO public.addresses VALUES (72, '65', 7, 3, 9, 1, 4);
INSERT INTO public.addresses VALUES (73, '15', 5, 7, 8, 7, 9);
INSERT INTO public.addresses VALUES (74, '46', 3, 10, 7, 4, 3);
INSERT INTO public.addresses VALUES (75, '62', 3, 7, 8, 4, 1);
INSERT INTO public.addresses VALUES (76, '6', 10, 5, 8, 10, 4);
INSERT INTO public.addresses VALUES (77, '95', 7, 6, 4, 2, 9);
INSERT INTO public.addresses VALUES (78, '62', 1, 5, 2, 5, 2);
INSERT INTO public.addresses VALUES (79, '62', 2, 7, 6, 10, 10);
INSERT INTO public.addresses VALUES (80, '75', 10, 9, 2, 3, 4);
INSERT INTO public.addresses VALUES (81, '96', 7, 4, 10, 1, 5);
INSERT INTO public.addresses VALUES (82, '93', 5, 4, 3, 6, 2);
INSERT INTO public.addresses VALUES (83, '99', 6, 1, 9, 7, 4);
INSERT INTO public.addresses VALUES (84, '61', 8, 3, 1, 2, 5);
INSERT INTO public.addresses VALUES (85, '52', 2, 8, 4, 8, 2);
INSERT INTO public.addresses VALUES (86, '1', 4, 9, 7, 1, 5);
INSERT INTO public.addresses VALUES (87, '85', 8, 9, 8, 4, 8);
INSERT INTO public.addresses VALUES (88, '26', 4, 3, 3, 9, 4);
INSERT INTO public.addresses VALUES (89, '44', 1, 2, 5, 5, 5);
INSERT INTO public.addresses VALUES (90, '60', 6, 3, 3, 2, 3);
INSERT INTO public.addresses VALUES (91, '11', 8, 8, 6, 6, 10);
INSERT INTO public.addresses VALUES (92, '38', 4, 2, 6, 4, 10);
INSERT INTO public.addresses VALUES (93, '100', 9, 1, 5, 10, 2);
INSERT INTO public.addresses VALUES (94, '6', 10, 5, 3, 1, 9);
INSERT INTO public.addresses VALUES (95, '62', 10, 3, 8, 5, 2);
INSERT INTO public.addresses VALUES (96, '86', 8, 6, 10, 6, 5);
INSERT INTO public.addresses VALUES (97, '78', 1, 10, 9, 2, 6);
INSERT INTO public.addresses VALUES (98, '25', 9, 3, 1, 3, 6);
INSERT INTO public.addresses VALUES (99, '84', 10, 2, 8, 3, 8);
INSERT INTO public.addresses VALUES (100, '8', 10, 2, 9, 4, 1);


--
-- Data for Name: clients; Type: TABLE DATA; Schema: public; Owner: postgres
--

INSERT INTO public.clients VALUES (1, 'Client1', 1);
INSERT INTO public.clients VALUES (2, 'Client2', 2);
INSERT INTO public.clients VALUES (3, 'Client3', 3);
INSERT INTO public.clients VALUES (4, 'Client4', 4);
INSERT INTO public.clients VALUES (5, 'Client5', 5);
INSERT INTO public.clients VALUES (6, 'Client6', 6);
INSERT INTO public.clients VALUES (7, 'Client7', 7);
INSERT INTO public.clients VALUES (8, 'Client8', 8);
INSERT INTO public.clients VALUES (9, 'Client9', 9);
INSERT INTO public.clients VALUES (10, 'Client10', 10);
INSERT INTO public.clients VALUES (11, 'Client11', 11);
INSERT INTO public.clients VALUES (12, 'Client12', 12);
INSERT INTO public.clients VALUES (13, 'Client13', 13);
INSERT INTO public.clients VALUES (14, 'Client14', 14);
INSERT INTO public.clients VALUES (15, 'Client15', 15);
INSERT INTO public.clients VALUES (16, 'Client16', 16);
INSERT INTO public.clients VALUES (17, 'Client17', 17);
INSERT INTO public.clients VALUES (18, 'Client18', 18);
INSERT INTO public.clients VALUES (19, 'Client19', 19);
INSERT INTO public.clients VALUES (20, 'Client20', 20);
INSERT INTO public.clients VALUES (21, 'Client21', 21);
INSERT INTO public.clients VALUES (22, 'Client22', 22);
INSERT INTO public.clients VALUES (23, 'Client23', 23);
INSERT INTO public.clients VALUES (24, 'Client24', 24);
INSERT INTO public.clients VALUES (25, 'Client25', 25);
INSERT INTO public.clients VALUES (26, 'Client26', 26);
INSERT INTO public.clients VALUES (27, 'Client27', 27);
INSERT INTO public.clients VALUES (28, 'Client28', 28);
INSERT INTO public.clients VALUES (29, 'Client29', 29);
INSERT INTO public.clients VALUES (30, 'Client30', 30);
INSERT INTO public.clients VALUES (31, 'Client31', 31);
INSERT INTO public.clients VALUES (32, 'Client32', 32);
INSERT INTO public.clients VALUES (33, 'Client33', 33);
INSERT INTO public.clients VALUES (34, 'Client34', 34);
INSERT INTO public.clients VALUES (35, 'Client35', 35);
INSERT INTO public.clients VALUES (36, 'Client36', 36);
INSERT INTO public.clients VALUES (37, 'Client37', 37);
INSERT INTO public.clients VALUES (38, 'Client38', 38);
INSERT INTO public.clients VALUES (39, 'Client39', 39);
INSERT INTO public.clients VALUES (40, 'Client40', 40);
INSERT INTO public.clients VALUES (41, 'Client41', 41);
INSERT INTO public.clients VALUES (42, 'Client42', 42);
INSERT INTO public.clients VALUES (43, 'Client43', 43);
INSERT INTO public.clients VALUES (44, 'Client44', 44);
INSERT INTO public.clients VALUES (45, 'Client45', 45);
INSERT INTO public.clients VALUES (46, 'Client46', 46);
INSERT INTO public.clients VALUES (47, 'Client47', 47);
INSERT INTO public.clients VALUES (48, 'Client48', 48);
INSERT INTO public.clients VALUES (49, 'Client49', 49);
INSERT INTO public.clients VALUES (50, 'Client50', 50);
INSERT INTO public.clients VALUES (51, 'Client51', 51);
INSERT INTO public.clients VALUES (52, 'Client52', 52);
INSERT INTO public.clients VALUES (53, 'Client53', 53);
INSERT INTO public.clients VALUES (54, 'Client54', 54);
INSERT INTO public.clients VALUES (55, 'Client55', 55);
INSERT INTO public.clients VALUES (56, 'Client56', 56);
INSERT INTO public.clients VALUES (57, 'Client57', 57);
INSERT INTO public.clients VALUES (58, 'Client58', 58);
INSERT INTO public.clients VALUES (59, 'Client59', 59);
INSERT INTO public.clients VALUES (60, 'Client60', 60);
INSERT INTO public.clients VALUES (61, 'Client61', 61);
INSERT INTO public.clients VALUES (62, 'Client62', 62);
INSERT INTO public.clients VALUES (63, 'Client63', 63);
INSERT INTO public.clients VALUES (64, 'Client64', 64);
INSERT INTO public.clients VALUES (65, 'Client65', 65);
INSERT INTO public.clients VALUES (66, 'Client66', 66);
INSERT INTO public.clients VALUES (67, 'Client67', 67);
INSERT INTO public.clients VALUES (68, 'Client68', 68);
INSERT INTO public.clients VALUES (69, 'Client69', 69);
INSERT INTO public.clients VALUES (70, 'Client70', 70);
INSERT INTO public.clients VALUES (71, 'Client71', 71);
INSERT INTO public.clients VALUES (72, 'Client72', 72);
INSERT INTO public.clients VALUES (73, 'Client73', 73);
INSERT INTO public.clients VALUES (74, 'Client74', 74);
INSERT INTO public.clients VALUES (75, 'Client75', 75);
INSERT INTO public.clients VALUES (76, 'Client76', 76);
INSERT INTO public.clients VALUES (77, 'Client77', 77);
INSERT INTO public.clients VALUES (78, 'Client78', 78);
INSERT INTO public.clients VALUES (79, 'Client79', 79);
INSERT INTO public.clients VALUES (80, 'Client80', 80);
INSERT INTO public.clients VALUES (81, 'Client81', 81);
INSERT INTO public.clients VALUES (82, 'Client82', 82);
INSERT INTO public.clients VALUES (83, 'Client83', 83);
INSERT INTO public.clients VALUES (84, 'Client84', 84);
INSERT INTO public.clients VALUES (85, 'Client85', 85);
INSERT INTO public.clients VALUES (86, 'Client86', 86);
INSERT INTO public.clients VALUES (87, 'Client87', 87);
INSERT INTO public.clients VALUES (88, 'Client88', 88);
INSERT INTO public.clients VALUES (89, 'Client89', 89);
INSERT INTO public.clients VALUES (90, 'Client90', 90);
INSERT INTO public.clients VALUES (91, 'Client91', 91);
INSERT INTO public.clients VALUES (92, 'Client92', 92);
INSERT INTO public.clients VALUES (93, 'Client93', 93);
INSERT INTO public.clients VALUES (94, 'Client94', 94);
INSERT INTO public.clients VALUES (95, 'Client95', 95);
INSERT INTO public.clients VALUES (96, 'Client96', 96);
INSERT INTO public.clients VALUES (97, 'Client97', 97);
INSERT INTO public.clients VALUES (98, 'Client98', 98);
INSERT INTO public.clients VALUES (99, 'Client99', 99);
INSERT INTO public.clients VALUES (100, 'Client100', 100);


--
-- Data for Name: countries; Type: TABLE DATA; Schema: public; Owner: postgres
--

INSERT INTO public.countries VALUES (1, 'Afghanistan');
INSERT INTO public.countries VALUES (2, 'Albania');
INSERT INTO public.countries VALUES (3, 'Algeria');
INSERT INTO public.countries VALUES (4, 'Andorra');
INSERT INTO public.countries VALUES (5, 'Angola');
INSERT INTO public.countries VALUES (6, 'Antigua and Barbuda');
INSERT INTO public.countries VALUES (7, 'Argentina');
INSERT INTO public.countries VALUES (8, 'Armenia');
INSERT INTO public.countries VALUES (9, 'Austria');
INSERT INTO public.countries VALUES (10, 'Azerbaijan');
INSERT INTO public.countries VALUES (11, 'Bahrain');
INSERT INTO public.countries VALUES (12, 'Bangladesh');
INSERT INTO public.countries VALUES (13, 'Barbados');
INSERT INTO public.countries VALUES (14, 'Belarus');
INSERT INTO public.countries VALUES (15, 'Belgium');
INSERT INTO public.countries VALUES (16, 'Belize');
INSERT INTO public.countries VALUES (17, 'Benin');
INSERT INTO public.countries VALUES (18, 'Bhutan');
INSERT INTO public.countries VALUES (19, 'Bolivia');
INSERT INTO public.countries VALUES (20, 'Bosnia and Herzegovina');
INSERT INTO public.countries VALUES (21, 'Botswana');
INSERT INTO public.countries VALUES (22, 'Brazil');
INSERT INTO public.countries VALUES (23, 'Brunei');
INSERT INTO public.countries VALUES (24, 'Bulgaria');
INSERT INTO public.countries VALUES (25, 'Burkina Faso');
INSERT INTO public.countries VALUES (26, 'Burundi');
INSERT INTO public.countries VALUES (27, 'Cabo Verde');
INSERT INTO public.countries VALUES (28, 'Cambodia');
INSERT INTO public.countries VALUES (29, 'Cameroon');
INSERT INTO public.countries VALUES (30, 'Canada');
INSERT INTO public.countries VALUES (31, 'Central African Republic');
INSERT INTO public.countries VALUES (32, 'Chad');
INSERT INTO public.countries VALUES (33, 'Channel Islands');
INSERT INTO public.countries VALUES (34, 'Chile');
INSERT INTO public.countries VALUES (35, 'China');
INSERT INTO public.countries VALUES (36, 'Colombia');
INSERT INTO public.countries VALUES (37, 'Comoros');
INSERT INTO public.countries VALUES (38, 'Congo');
INSERT INTO public.countries VALUES (39, 'Costa Rica');
INSERT INTO public.countries VALUES (40, 'Côte d''Ivoire');
INSERT INTO public.countries VALUES (41, 'Croatia');
INSERT INTO public.countries VALUES (42, 'Cuba');
INSERT INTO public.countries VALUES (43, 'Cyprus');
INSERT INTO public.countries VALUES (44, 'Czech Republic');
INSERT INTO public.countries VALUES (45, 'Denmark');
INSERT INTO public.countries VALUES (46, 'Djibouti');
INSERT INTO public.countries VALUES (47, 'Dominica');
INSERT INTO public.countries VALUES (48, 'Dominican Republic');
INSERT INTO public.countries VALUES (49, 'DR Congo');
INSERT INTO public.countries VALUES (50, 'Ecuador');
INSERT INTO public.countries VALUES (51, 'Egypt');
INSERT INTO public.countries VALUES (52, 'El Salvador');
INSERT INTO public.countries VALUES (53, 'Equatorial Guinea');
INSERT INTO public.countries VALUES (54, 'Eritrea');
INSERT INTO public.countries VALUES (55, 'Estonia');
INSERT INTO public.countries VALUES (56, 'Eswatini');
INSERT INTO public.countries VALUES (57, 'Ethiopia');
INSERT INTO public.countries VALUES (58, 'Faeroe Islands');
INSERT INTO public.countries VALUES (59, 'Finland');
INSERT INTO public.countries VALUES (60, 'France');
INSERT INTO public.countries VALUES (61, 'French Guiana');
INSERT INTO public.countries VALUES (62, 'Gabon');
INSERT INTO public.countries VALUES (63, 'Gambia');
INSERT INTO public.countries VALUES (64, 'Georgia');
INSERT INTO public.countries VALUES (65, 'Germany');
INSERT INTO public.countries VALUES (66, 'Ghana');
INSERT INTO public.countries VALUES (67, 'Gibraltar');
INSERT INTO public.countries VALUES (68, 'Greece');
INSERT INTO public.countries VALUES (69, 'Grenada');
INSERT INTO public.countries VALUES (70, 'Guatemala');
INSERT INTO public.countries VALUES (71, 'Guinea');
INSERT INTO public.countries VALUES (72, 'Guinea-Bissau');
INSERT INTO public.countries VALUES (73, 'Guyana');
INSERT INTO public.countries VALUES (74, 'Haiti');
INSERT INTO public.countries VALUES (75, 'Holy See');
INSERT INTO public.countries VALUES (76, 'Honduras');
INSERT INTO public.countries VALUES (77, 'Hong Kong');
INSERT INTO public.countries VALUES (78, 'Hungary');
INSERT INTO public.countries VALUES (79, 'Iceland');
INSERT INTO public.countries VALUES (80, 'India');
INSERT INTO public.countries VALUES (81, 'Indonesia');
INSERT INTO public.countries VALUES (82, 'Iran');
INSERT INTO public.countries VALUES (83, 'Iraq');
INSERT INTO public.countries VALUES (84, 'Ireland');
INSERT INTO public.countries VALUES (85, 'Isle of Man');
INSERT INTO public.countries VALUES (86, 'Israel');
INSERT INTO public.countries VALUES (87, 'Italy');
INSERT INTO public.countries VALUES (88, 'Jamaica');
INSERT INTO public.countries VALUES (89, 'Japan');
INSERT INTO public.countries VALUES (90, 'Jordan');
INSERT INTO public.countries VALUES (91, 'Kazakhstan');
INSERT INTO public.countries VALUES (92, 'Kenya');
INSERT INTO public.countries VALUES (93, 'Kuwait');
INSERT INTO public.countries VALUES (94, 'Kyrgyzstan');
INSERT INTO public.countries VALUES (95, 'Laos');
INSERT INTO public.countries VALUES (96, 'Latvia');
INSERT INTO public.countries VALUES (97, 'Lebanon');
INSERT INTO public.countries VALUES (98, 'Lesotho');
INSERT INTO public.countries VALUES (99, 'Liberia');
INSERT INTO public.countries VALUES (100, 'Libya');
INSERT INTO public.countries VALUES (101, 'Liechtenstein');
INSERT INTO public.countries VALUES (102, 'Lithuania');
INSERT INTO public.countries VALUES (103, 'Luxembourg');
INSERT INTO public.countries VALUES (104, 'Macao');
INSERT INTO public.countries VALUES (105, 'Madagascar');
INSERT INTO public.countries VALUES (106, 'Malawi');
INSERT INTO public.countries VALUES (107, 'Malaysia');
INSERT INTO public.countries VALUES (108, 'Maldives');
INSERT INTO public.countries VALUES (109, 'Mali');
INSERT INTO public.countries VALUES (110, 'Malta');
INSERT INTO public.countries VALUES (111, 'Mauritania');
INSERT INTO public.countries VALUES (112, 'Mauritius');
INSERT INTO public.countries VALUES (113, 'Mayotte');
INSERT INTO public.countries VALUES (114, 'Mexico');
INSERT INTO public.countries VALUES (115, 'Moldova');
INSERT INTO public.countries VALUES (116, 'Monaco');
INSERT INTO public.countries VALUES (117, 'Mongolia');
INSERT INTO public.countries VALUES (118, 'Montenegro');
INSERT INTO public.countries VALUES (119, 'Morocco');
INSERT INTO public.countries VALUES (120, 'Mozambique');
INSERT INTO public.countries VALUES (121, 'Myanmar');
INSERT INTO public.countries VALUES (122, 'Namibia');
INSERT INTO public.countries VALUES (123, 'Nepal');
INSERT INTO public.countries VALUES (124, 'Netherlands');
INSERT INTO public.countries VALUES (125, 'Nicaragua');
INSERT INTO public.countries VALUES (126, 'Niger');
INSERT INTO public.countries VALUES (127, 'Nigeria');
INSERT INTO public.countries VALUES (128, 'North Korea');
INSERT INTO public.countries VALUES (129, 'North Macedonia');
INSERT INTO public.countries VALUES (130, 'Norway');
INSERT INTO public.countries VALUES (131, 'Oman');
INSERT INTO public.countries VALUES (132, 'Pakistan');
INSERT INTO public.countries VALUES (133, 'Panama');
INSERT INTO public.countries VALUES (134, 'Paraguay');
INSERT INTO public.countries VALUES (135, 'Peru');
INSERT INTO public.countries VALUES (136, 'Philippines');
INSERT INTO public.countries VALUES (137, 'Poland');
INSERT INTO public.countries VALUES (138, 'Portugal');
INSERT INTO public.countries VALUES (139, 'Qatar');
INSERT INTO public.countries VALUES (140, 'Réunion');
INSERT INTO public.countries VALUES (141, 'Romania');
INSERT INTO public.countries VALUES (142, 'Russia');
INSERT INTO public.countries VALUES (143, 'Rwanda');
INSERT INTO public.countries VALUES (144, 'Saint Helena');
INSERT INTO public.countries VALUES (145, 'Saint Kitts and Nevis');
INSERT INTO public.countries VALUES (146, 'Saint Lucia');
INSERT INTO public.countries VALUES (147, 'Saint Vincent and the Grenadines');
INSERT INTO public.countries VALUES (148, 'San Marino');
INSERT INTO public.countries VALUES (149, 'Sao Tome & Principe');
INSERT INTO public.countries VALUES (150, 'Saudi Arabia');
INSERT INTO public.countries VALUES (151, 'Senegal');
INSERT INTO public.countries VALUES (152, 'Serbia');
INSERT INTO public.countries VALUES (153, 'Seychelles');
INSERT INTO public.countries VALUES (154, 'Sierra Leone');
INSERT INTO public.countries VALUES (155, 'Singapore');
INSERT INTO public.countries VALUES (156, 'Slovakia');
INSERT INTO public.countries VALUES (157, 'Slovenia');
INSERT INTO public.countries VALUES (158, 'Somalia');
INSERT INTO public.countries VALUES (159, 'South Africa');
INSERT INTO public.countries VALUES (160, 'South Korea');
INSERT INTO public.countries VALUES (161, 'South Sudan');
INSERT INTO public.countries VALUES (162, 'Spain');
INSERT INTO public.countries VALUES (163, 'Sri Lanka');
INSERT INTO public.countries VALUES (164, 'State of Palestine');
INSERT INTO public.countries VALUES (165, 'Sudan');
INSERT INTO public.countries VALUES (166, 'Suriname');
INSERT INTO public.countries VALUES (167, 'Sweden');
INSERT INTO public.countries VALUES (168, 'Switzerland');
INSERT INTO public.countries VALUES (169, 'Syria');
INSERT INTO public.countries VALUES (170, 'Taiwan');
INSERT INTO public.countries VALUES (171, 'Tajikistan');
INSERT INTO public.countries VALUES (172, 'Tanzania');
INSERT INTO public.countries VALUES (173, 'Thailand');
INSERT INTO public.countries VALUES (174, 'The Bahamas');
INSERT INTO public.countries VALUES (175, 'Timor-Leste');
INSERT INTO public.countries VALUES (176, 'Togo');
INSERT INTO public.countries VALUES (177, 'Trinidad and Tobago');
INSERT INTO public.countries VALUES (178, 'Tunisia');
INSERT INTO public.countries VALUES (179, 'Turkey');
INSERT INTO public.countries VALUES (180, 'Turkmenistan');
INSERT INTO public.countries VALUES (181, 'Uganda');
INSERT INTO public.countries VALUES (182, 'Ukraine');
INSERT INTO public.countries VALUES (183, 'United Arab Emirates');
INSERT INTO public.countries VALUES (184, 'United Kingdom');
INSERT INTO public.countries VALUES (185, 'United States');
INSERT INTO public.countries VALUES (186, 'Uruguay');
INSERT INTO public.countries VALUES (187, 'Uzbekistan');
INSERT INTO public.countries VALUES (188, 'Venezuela');
INSERT INTO public.countries VALUES (189, 'Vietnam');
INSERT INTO public.countries VALUES (190, 'Western Sahara');
INSERT INTO public.countries VALUES (191, 'Yemen');
INSERT INTO public.countries VALUES (192, 'Zambia');
INSERT INTO public.countries VALUES (193, 'Zimbabwe');


--
-- Data for Name: order_data; Type: TABLE DATA; Schema: public; Owner: postgres
--

INSERT INTO public.order_data VALUES (1, 1, 'Order 1 description 1', '2014-01-19 02:26:20.439752', 9, 4, 3);
INSERT INTO public.order_data VALUES (2, 1, 'Order 1 description 2', '2014-01-15 07:51:09.516068', 3, 4, 5);
INSERT INTO public.order_data VALUES (3, 1, 'Order 1 description 3', '2014-01-20 23:51:01.567071', 5, 8, 2);
INSERT INTO public.order_data VALUES (4, 1, 'Order 1 description 4', '2014-01-20 22:08:26.63344', 2, 7, 10);
INSERT INTO public.order_data VALUES (5, 1, 'Order 1 description 5', '2014-01-10 20:06:38.356082', 2, 4, 5);
INSERT INTO public.order_data VALUES (6, 1, 'Order 1 description 6', '2014-01-15 03:25:40.498925', 10, 3, 5);
INSERT INTO public.order_data VALUES (7, 1, 'Order 1 description 7', '2014-01-20 16:11:24.238045', 3, 6, 3);
INSERT INTO public.order_data VALUES (8, 1, 'Order 1 description 8', '2014-01-19 15:11:05.88028', 6, 3, 6);
INSERT INTO public.order_data VALUES (9, 1, 'Order 1 description 9', '2014-01-17 20:17:22.806214', 5, 6, 2);
INSERT INTO public.order_data VALUES (10, 1, 'Order 1 description 10', '2014-01-17 08:58:22.242785', 3, 3, 4);
INSERT INTO public.order_data VALUES (11, 2, 'Order 2 description 1', '2014-01-13 04:13:28.414701', 8, 4, 8);
INSERT INTO public.order_data VALUES (12, 2, 'Order 2 description 2', '2014-01-17 16:51:24.177797', 10, 1, 8);
INSERT INTO public.order_data VALUES (13, 2, 'Order 2 description 3', '2014-01-11 02:22:17.511766', 1, 7, 6);
INSERT INTO public.order_data VALUES (14, 2, 'Order 2 description 4', '2014-01-12 07:08:52.672752', 5, 4, 8);
INSERT INTO public.order_data VALUES (15, 2, 'Order 2 description 5', '2014-01-11 16:38:14.519225', 6, 7, 2);
INSERT INTO public.order_data VALUES (16, 2, 'Order 2 description 6', '2014-01-14 09:53:16.494812', 5, 8, 8);
INSERT INTO public.order_data VALUES (17, 2, 'Order 2 description 7', '2014-01-13 19:08:42.104151', 6, 4, 4);
INSERT INTO public.order_data VALUES (18, 2, 'Order 2 description 8', '2014-01-17 04:08:50.983933', 3, 6, 4);
INSERT INTO public.order_data VALUES (19, 2, 'Order 2 description 9', '2014-01-21 02:24:43.746095', 6, 6, 5);
INSERT INTO public.order_data VALUES (20, 2, 'Order 2 description 10', '2014-01-11 01:43:29.177561', 2, 1, 3);
INSERT INTO public.order_data VALUES (21, 3, 'Order 3 description 1', '2014-01-21 00:56:58.863241', 4, 5, 8);
INSERT INTO public.order_data VALUES (22, 3, 'Order 3 description 2', '2014-01-16 21:10:10.537308', 5, 6, 9);
INSERT INTO public.order_data VALUES (23, 3, 'Order 3 description 3', '2014-01-16 20:31:18.693998', 3, 10, 1);
INSERT INTO public.order_data VALUES (24, 3, 'Order 3 description 4', '2014-01-12 15:13:17.134866', 6, 1, 9);
INSERT INTO public.order_data VALUES (25, 3, 'Order 3 description 5', '2014-01-20 21:01:16.942006', 7, 8, 4);
INSERT INTO public.order_data VALUES (26, 3, 'Order 3 description 6', '2014-01-13 07:02:42.865549', 5, 3, 4);
INSERT INTO public.order_data VALUES (27, 3, 'Order 3 description 7', '2014-01-12 00:17:35.672647', 7, 2, 10);
INSERT INTO public.order_data VALUES (28, 3, 'Order 3 description 8', '2014-01-16 21:16:35.993667', 10, 2, 8);
INSERT INTO public.order_data VALUES (29, 3, 'Order 3 description 9', '2014-01-12 12:59:23.872848', 7, 7, 6);
INSERT INTO public.order_data VALUES (30, 3, 'Order 3 description 10', '2014-01-20 22:09:03.985399', 3, 3, 2);
INSERT INTO public.order_data VALUES (31, 4, 'Order 4 description 1', '2014-01-12 12:25:31.24979', 5, 2, 10);
INSERT INTO public.order_data VALUES (32, 4, 'Order 4 description 2', '2014-01-16 18:06:05.386209', 5, 1, 6);
INSERT INTO public.order_data VALUES (33, 4, 'Order 4 description 3', '2014-01-19 19:19:17.359185', 10, 7, 1);
INSERT INTO public.order_data VALUES (34, 4, 'Order 4 description 4', '2014-01-21 03:20:21.410417', 9, 6, 8);
INSERT INTO public.order_data VALUES (35, 4, 'Order 4 description 5', '2014-01-13 01:13:16.504218', 3, 1, 8);
INSERT INTO public.order_data VALUES (36, 4, 'Order 4 description 6', '2014-01-19 14:23:40.182298', 1, 4, 9);
INSERT INTO public.order_data VALUES (37, 4, 'Order 4 description 7', '2014-01-15 04:25:07.430795', 6, 4, 7);
INSERT INTO public.order_data VALUES (38, 4, 'Order 4 description 8', '2014-01-16 02:56:53.35244', 10, 4, 10);
INSERT INTO public.order_data VALUES (39, 4, 'Order 4 description 9', '2014-01-12 16:29:50.318016', 8, 5, 1);
INSERT INTO public.order_data VALUES (40, 4, 'Order 4 description 10', '2014-01-15 15:51:46.74284', 1, 5, 6);
INSERT INTO public.order_data VALUES (41, 5, 'Order 5 description 1', '2014-01-19 20:32:43.007442', 8, 10, 7);
INSERT INTO public.order_data VALUES (42, 5, 'Order 5 description 2', '2014-01-18 02:21:41.514858', 4, 4, 8);
INSERT INTO public.order_data VALUES (43, 5, 'Order 5 description 3', '2014-01-19 15:46:26.934534', 9, 4, 10);
INSERT INTO public.order_data VALUES (44, 5, 'Order 5 description 4', '2014-01-19 05:26:54.152095', 1, 2, 10);
INSERT INTO public.order_data VALUES (45, 5, 'Order 5 description 5', '2014-01-20 17:18:59.487735', 2, 10, 3);
INSERT INTO public.order_data VALUES (46, 5, 'Order 5 description 6', '2014-01-14 06:22:34.96459', 6, 2, 1);
INSERT INTO public.order_data VALUES (47, 5, 'Order 5 description 7', '2014-01-17 13:03:08.771709', 2, 5, 6);
INSERT INTO public.order_data VALUES (48, 5, 'Order 5 description 8', '2014-01-14 12:05:13.195352', 8, 4, 1);
INSERT INTO public.order_data VALUES (49, 5, 'Order 5 description 9', '2014-01-11 10:12:51.211831', 3, 5, 5);
INSERT INTO public.order_data VALUES (50, 5, 'Order 5 description 10', '2014-01-17 02:45:37.519353', 2, 8, 5);
INSERT INTO public.order_data VALUES (51, 6, 'Order 6 description 1', '2014-01-20 21:03:35.903457', 5, 1, 5);
INSERT INTO public.order_data VALUES (52, 6, 'Order 6 description 2', '2014-01-12 16:10:01.452009', 7, 8, 2);
INSERT INTO public.order_data VALUES (53, 6, 'Order 6 description 3', '2014-01-17 04:14:21.388474', 7, 9, 4);
INSERT INTO public.order_data VALUES (54, 6, 'Order 6 description 4', '2014-01-11 19:06:25.947508', 9, 6, 7);
INSERT INTO public.order_data VALUES (55, 6, 'Order 6 description 5', '2014-01-18 06:52:19.679551', 4, 3, 2);
INSERT INTO public.order_data VALUES (56, 6, 'Order 6 description 6', '2014-01-17 06:51:11.266574', 10, 1, 9);
INSERT INTO public.order_data VALUES (57, 6, 'Order 6 description 7', '2014-01-15 23:51:39.102475', 1, 1, 3);
INSERT INTO public.order_data VALUES (58, 6, 'Order 6 description 8', '2014-01-13 12:59:28.979835', 10, 7, 10);
INSERT INTO public.order_data VALUES (59, 6, 'Order 6 description 9', '2014-01-11 15:57:52.357485', 10, 1, 5);
INSERT INTO public.order_data VALUES (60, 6, 'Order 6 description 10', '2014-01-13 22:12:48.094382', 1, 2, 2);
INSERT INTO public.order_data VALUES (61, 7, 'Order 7 description 1', '2014-01-18 01:54:07.051741', 4, 6, 8);
INSERT INTO public.order_data VALUES (62, 7, 'Order 7 description 2', '2014-01-19 02:03:08.306406', 6, 6, 6);
INSERT INTO public.order_data VALUES (63, 7, 'Order 7 description 3', '2014-01-16 05:15:30.571565', 4, 9, 2);
INSERT INTO public.order_data VALUES (64, 7, 'Order 7 description 4', '2014-01-20 08:30:02.244349', 5, 9, 10);
INSERT INTO public.order_data VALUES (65, 7, 'Order 7 description 5', '2014-01-11 00:15:59.323748', 2, 7, 4);
INSERT INTO public.order_data VALUES (66, 7, 'Order 7 description 6', '2014-01-19 12:20:25.910137', 6, 6, 1);
INSERT INTO public.order_data VALUES (67, 7, 'Order 7 description 7', '2014-01-12 20:41:12.522682', 3, 10, 3);
INSERT INTO public.order_data VALUES (68, 7, 'Order 7 description 8', '2014-01-21 03:33:06.540684', 2, 9, 3);
INSERT INTO public.order_data VALUES (69, 7, 'Order 7 description 9', '2014-01-17 05:03:18.593985', 1, 3, 5);
INSERT INTO public.order_data VALUES (70, 7, 'Order 7 description 10', '2014-01-20 18:32:58.863062', 7, 6, 7);
INSERT INTO public.order_data VALUES (71, 8, 'Order 8 description 1', '2014-01-19 03:31:11.290541', 10, 3, 1);
INSERT INTO public.order_data VALUES (72, 8, 'Order 8 description 2', '2014-01-14 22:44:00.953654', 6, 9, 9);
INSERT INTO public.order_data VALUES (73, 8, 'Order 8 description 3', '2014-01-11 06:16:47.506503', 1, 2, 8);
INSERT INTO public.order_data VALUES (74, 8, 'Order 8 description 4', '2014-01-12 19:50:35.899852', 6, 4, 2);
INSERT INTO public.order_data VALUES (75, 8, 'Order 8 description 5', '2014-01-16 00:41:33.718904', 1, 8, 3);
INSERT INTO public.order_data VALUES (76, 8, 'Order 8 description 6', '2014-01-10 22:56:27.603227', 2, 6, 7);
INSERT INTO public.order_data VALUES (77, 8, 'Order 8 description 7', '2014-01-11 15:34:00.448402', 8, 9, 7);
INSERT INTO public.order_data VALUES (78, 8, 'Order 8 description 8', '2014-01-16 03:08:41.966157', 10, 3, 10);
INSERT INTO public.order_data VALUES (79, 8, 'Order 8 description 9', '2014-01-11 20:50:14.731849', 3, 10, 9);
INSERT INTO public.order_data VALUES (80, 8, 'Order 8 description 10', '2014-01-13 06:18:13.742872', 5, 4, 4);
INSERT INTO public.order_data VALUES (81, 9, 'Order 9 description 1', '2014-01-17 23:31:38.624264', 1, 9, 3);
INSERT INTO public.order_data VALUES (82, 9, 'Order 9 description 2', '2014-01-18 11:48:46.094941', 7, 2, 2);
INSERT INTO public.order_data VALUES (83, 9, 'Order 9 description 3', '2014-01-16 02:37:28.945017', 6, 2, 4);
INSERT INTO public.order_data VALUES (84, 9, 'Order 9 description 4', '2014-01-12 19:01:39.016545', 10, 10, 7);
INSERT INTO public.order_data VALUES (85, 9, 'Order 9 description 5', '2014-01-11 03:32:31.091127', 3, 10, 5);
INSERT INTO public.order_data VALUES (86, 9, 'Order 9 description 6', '2014-01-12 04:48:51.545791', 6, 9, 5);
INSERT INTO public.order_data VALUES (87, 9, 'Order 9 description 7', '2014-01-15 12:55:36.067467', 7, 8, 2);
INSERT INTO public.order_data VALUES (88, 9, 'Order 9 description 8', '2014-01-18 05:40:55.920359', 6, 9, 10);
INSERT INTO public.order_data VALUES (89, 9, 'Order 9 description 9', '2014-01-14 18:52:46.767769', 4, 4, 1);
INSERT INTO public.order_data VALUES (90, 9, 'Order 9 description 10', '2014-01-14 12:13:51.634959', 7, 2, 10);
INSERT INTO public.order_data VALUES (91, 10, 'Order 10 description 1', '2014-01-16 16:52:45.671995', 7, 7, 5);
INSERT INTO public.order_data VALUES (92, 10, 'Order 10 description 2', '2014-01-20 07:13:28.240703', 1, 7, 2);
INSERT INTO public.order_data VALUES (93, 10, 'Order 10 description 3', '2014-01-11 10:50:06.324904', 3, 5, 9);
INSERT INTO public.order_data VALUES (94, 10, 'Order 10 description 4', '2014-01-19 19:14:07.636164', 2, 9, 2);
INSERT INTO public.order_data VALUES (95, 10, 'Order 10 description 5', '2014-01-21 01:52:19.266209', 9, 1, 2);
INSERT INTO public.order_data VALUES (96, 10, 'Order 10 description 6', '2014-01-11 09:26:25.609499', 6, 7, 9);
INSERT INTO public.order_data VALUES (97, 10, 'Order 10 description 7', '2014-01-13 22:44:31.275204', 3, 5, 1);
INSERT INTO public.order_data VALUES (98, 10, 'Order 10 description 8', '2014-01-19 20:34:31.084144', 7, 6, 4);
INSERT INTO public.order_data VALUES (99, 10, 'Order 10 description 9', '2014-01-18 15:47:07.221229', 10, 9, 2);
INSERT INTO public.order_data VALUES (100, 10, 'Order 10 description 10', '2014-01-17 14:56:04.676608', 9, 8, 3);
INSERT INTO public.order_data VALUES (101, 11, 'Order 11 description 1', '2014-01-17 22:20:00.961573', 1, 8, 3);
INSERT INTO public.order_data VALUES (102, 11, 'Order 11 description 2', '2014-01-11 08:14:45.538533', 6, 9, 10);
INSERT INTO public.order_data VALUES (103, 11, 'Order 11 description 3', '2014-01-19 19:58:39.562283', 10, 10, 3);
INSERT INTO public.order_data VALUES (104, 11, 'Order 11 description 4', '2014-01-19 07:56:00.83058', 4, 6, 7);
INSERT INTO public.order_data VALUES (105, 11, 'Order 11 description 5', '2014-01-12 04:51:52.436428', 6, 10, 2);
INSERT INTO public.order_data VALUES (106, 11, 'Order 11 description 6', '2014-01-12 17:02:01.180343', 1, 1, 8);
INSERT INTO public.order_data VALUES (107, 11, 'Order 11 description 7', '2014-01-18 11:52:08.632399', 3, 7, 9);
INSERT INTO public.order_data VALUES (108, 11, 'Order 11 description 8', '2014-01-11 03:21:23.007007', 8, 8, 10);
INSERT INTO public.order_data VALUES (109, 11, 'Order 11 description 9', '2014-01-18 21:10:42.356652', 9, 10, 7);
INSERT INTO public.order_data VALUES (110, 11, 'Order 11 description 10', '2014-01-16 19:45:31.464934', 4, 9, 3);
INSERT INTO public.order_data VALUES (111, 12, 'Order 12 description 1', '2014-01-12 01:40:55.381585', 2, 2, 3);
INSERT INTO public.order_data VALUES (112, 12, 'Order 12 description 2', '2014-01-19 09:58:41.238779', 6, 7, 1);
INSERT INTO public.order_data VALUES (113, 12, 'Order 12 description 3', '2014-01-20 02:47:27.072976', 3, 3, 1);
INSERT INTO public.order_data VALUES (114, 12, 'Order 12 description 4', '2014-01-16 18:57:41.395299', 3, 5, 2);
INSERT INTO public.order_data VALUES (115, 12, 'Order 12 description 5', '2014-01-18 18:03:48.793283', 5, 8, 1);
INSERT INTO public.order_data VALUES (116, 12, 'Order 12 description 6', '2014-01-14 20:53:11.674254', 1, 2, 7);
INSERT INTO public.order_data VALUES (117, 12, 'Order 12 description 7', '2014-01-20 09:21:30.089895', 5, 3, 6);
INSERT INTO public.order_data VALUES (118, 12, 'Order 12 description 8', '2014-01-13 09:11:19.95251', 2, 9, 10);
INSERT INTO public.order_data VALUES (119, 12, 'Order 12 description 9', '2014-01-13 19:43:20.443587', 7, 3, 4);
INSERT INTO public.order_data VALUES (120, 12, 'Order 12 description 10', '2014-01-13 20:45:49.831564', 8, 8, 4);
INSERT INTO public.order_data VALUES (121, 13, 'Order 13 description 1', '2014-01-18 04:10:05.886766', 6, 6, 3);
INSERT INTO public.order_data VALUES (122, 13, 'Order 13 description 2', '2014-01-19 10:21:39.801086', 5, 9, 8);
INSERT INTO public.order_data VALUES (123, 13, 'Order 13 description 3', '2014-01-18 15:25:10.106352', 2, 4, 7);
INSERT INTO public.order_data VALUES (124, 13, 'Order 13 description 4', '2014-01-15 10:20:39.399228', 1, 4, 1);
INSERT INTO public.order_data VALUES (125, 13, 'Order 13 description 5', '2014-01-13 04:50:53.755192', 6, 7, 4);
INSERT INTO public.order_data VALUES (126, 13, 'Order 13 description 6', '2014-01-15 00:07:01.265503', 3, 4, 1);
INSERT INTO public.order_data VALUES (127, 13, 'Order 13 description 7', '2014-01-19 10:38:03.995614', 9, 7, 7);
INSERT INTO public.order_data VALUES (128, 13, 'Order 13 description 8', '2014-01-11 01:29:58.48618', 10, 10, 5);
INSERT INTO public.order_data VALUES (129, 13, 'Order 13 description 9', '2014-01-13 20:07:29.884', 8, 8, 3);
INSERT INTO public.order_data VALUES (130, 13, 'Order 13 description 10', '2014-01-20 23:47:30.793911', 8, 2, 10);
INSERT INTO public.order_data VALUES (131, 14, 'Order 14 description 1', '2014-01-13 11:04:50.301678', 10, 2, 3);
INSERT INTO public.order_data VALUES (132, 14, 'Order 14 description 2', '2014-01-12 13:48:15.250501', 1, 4, 3);
INSERT INTO public.order_data VALUES (133, 14, 'Order 14 description 3', '2014-01-16 13:03:48.82226', 3, 9, 2);
INSERT INTO public.order_data VALUES (134, 14, 'Order 14 description 4', '2014-01-19 17:54:13.07289', 9, 7, 2);
INSERT INTO public.order_data VALUES (135, 14, 'Order 14 description 5', '2014-01-12 02:22:03.331164', 8, 8, 7);
INSERT INTO public.order_data VALUES (136, 14, 'Order 14 description 6', '2014-01-15 17:46:27.742511', 7, 9, 9);
INSERT INTO public.order_data VALUES (137, 14, 'Order 14 description 7', '2014-01-15 03:56:15.962611', 6, 4, 6);
INSERT INTO public.order_data VALUES (138, 14, 'Order 14 description 8', '2014-01-17 02:33:00.784122', 1, 7, 10);
INSERT INTO public.order_data VALUES (139, 14, 'Order 14 description 9', '2014-01-20 23:02:09.085295', 10, 10, 1);
INSERT INTO public.order_data VALUES (140, 14, 'Order 14 description 10', '2014-01-12 17:55:04.834978', 2, 1, 8);
INSERT INTO public.order_data VALUES (141, 15, 'Order 15 description 1', '2014-01-14 01:47:06.040564', 8, 6, 5);
INSERT INTO public.order_data VALUES (142, 15, 'Order 15 description 2', '2014-01-13 17:13:08.697247', 6, 5, 3);
INSERT INTO public.order_data VALUES (143, 15, 'Order 15 description 3', '2014-01-11 15:44:31.122602', 4, 7, 2);
INSERT INTO public.order_data VALUES (144, 15, 'Order 15 description 4', '2014-01-14 16:55:11.225924', 9, 9, 2);
INSERT INTO public.order_data VALUES (145, 15, 'Order 15 description 5', '2014-01-17 17:49:06.686697', 4, 2, 6);
INSERT INTO public.order_data VALUES (146, 15, 'Order 15 description 6', '2014-01-13 04:59:26.255071', 9, 9, 5);
INSERT INTO public.order_data VALUES (147, 15, 'Order 15 description 7', '2014-01-16 01:16:01.606257', 8, 8, 5);
INSERT INTO public.order_data VALUES (148, 15, 'Order 15 description 8', '2014-01-13 16:26:56.09553', 2, 1, 5);
INSERT INTO public.order_data VALUES (149, 15, 'Order 15 description 9', '2014-01-16 11:54:24.826273', 8, 9, 8);
INSERT INTO public.order_data VALUES (150, 15, 'Order 15 description 10', '2014-01-21 00:54:05.65481', 9, 10, 2);
INSERT INTO public.order_data VALUES (151, 16, 'Order 16 description 1', '2014-01-16 00:21:42.409544', 9, 4, 10);
INSERT INTO public.order_data VALUES (152, 16, 'Order 16 description 2', '2014-01-12 17:20:06.514454', 3, 1, 2);
INSERT INTO public.order_data VALUES (153, 16, 'Order 16 description 3', '2014-01-18 16:42:40.825121', 1, 10, 1);
INSERT INTO public.order_data VALUES (154, 16, 'Order 16 description 4', '2014-01-14 14:56:20.801289', 9, 2, 2);
INSERT INTO public.order_data VALUES (155, 16, 'Order 16 description 5', '2014-01-15 10:18:28.057572', 2, 9, 5);
INSERT INTO public.order_data VALUES (156, 16, 'Order 16 description 6', '2014-01-16 19:57:16.183741', 6, 7, 7);
INSERT INTO public.order_data VALUES (157, 16, 'Order 16 description 7', '2014-01-18 16:25:48.14056', 9, 8, 10);
INSERT INTO public.order_data VALUES (158, 16, 'Order 16 description 8', '2014-01-15 22:41:10.272409', 4, 1, 8);
INSERT INTO public.order_data VALUES (159, 16, 'Order 16 description 9', '2014-01-14 21:41:08.348049', 5, 3, 6);
INSERT INTO public.order_data VALUES (160, 16, 'Order 16 description 10', '2014-01-13 00:03:09.67669', 3, 2, 5);
INSERT INTO public.order_data VALUES (161, 17, 'Order 17 description 1', '2014-01-17 15:09:01.867923', 10, 7, 5);
INSERT INTO public.order_data VALUES (162, 17, 'Order 17 description 2', '2014-01-14 02:30:56.532336', 7, 1, 6);
INSERT INTO public.order_data VALUES (163, 17, 'Order 17 description 3', '2014-01-16 13:54:05.698079', 3, 9, 3);
INSERT INTO public.order_data VALUES (164, 17, 'Order 17 description 4', '2014-01-19 14:08:30.320732', 2, 10, 8);
INSERT INTO public.order_data VALUES (165, 17, 'Order 17 description 5', '2014-01-14 11:54:19.372229', 4, 3, 5);
INSERT INTO public.order_data VALUES (166, 17, 'Order 17 description 6', '2014-01-20 15:23:33.166044', 4, 6, 5);
INSERT INTO public.order_data VALUES (167, 17, 'Order 17 description 7', '2014-01-13 20:15:56.223911', 4, 5, 2);
INSERT INTO public.order_data VALUES (168, 17, 'Order 17 description 8', '2014-01-18 00:14:16.802798', 5, 8, 9);
INSERT INTO public.order_data VALUES (169, 17, 'Order 17 description 9', '2014-01-19 21:36:10.261188', 6, 3, 5);
INSERT INTO public.order_data VALUES (170, 17, 'Order 17 description 10', '2014-01-14 09:14:50.210569', 8, 6, 9);
INSERT INTO public.order_data VALUES (171, 18, 'Order 18 description 1', '2014-01-12 10:46:36.441474', 6, 2, 3);
INSERT INTO public.order_data VALUES (172, 18, 'Order 18 description 2', '2014-01-12 02:21:27.277373', 4, 6, 8);
INSERT INTO public.order_data VALUES (173, 18, 'Order 18 description 3', '2014-01-12 02:11:24.224319', 1, 9, 2);
INSERT INTO public.order_data VALUES (174, 18, 'Order 18 description 4', '2014-01-11 22:16:53.015253', 8, 3, 7);
INSERT INTO public.order_data VALUES (175, 18, 'Order 18 description 5', '2014-01-17 12:42:26.572059', 7, 2, 2);
INSERT INTO public.order_data VALUES (176, 18, 'Order 18 description 6', '2014-01-18 00:55:57.54336', 6, 2, 9);
INSERT INTO public.order_data VALUES (177, 18, 'Order 18 description 7', '2014-01-17 00:09:46.497444', 9, 3, 5);
INSERT INTO public.order_data VALUES (178, 18, 'Order 18 description 8', '2014-01-17 19:17:37.13665', 6, 5, 2);
INSERT INTO public.order_data VALUES (179, 18, 'Order 18 description 9', '2014-01-16 17:54:06.27638', 6, 7, 4);
INSERT INTO public.order_data VALUES (180, 18, 'Order 18 description 10', '2014-01-13 09:44:07.58007', 8, 8, 8);
INSERT INTO public.order_data VALUES (181, 19, 'Order 19 description 1', '2014-01-21 02:24:41.409516', 3, 6, 6);
INSERT INTO public.order_data VALUES (182, 19, 'Order 19 description 2', '2014-01-17 05:03:52.784609', 1, 1, 6);
INSERT INTO public.order_data VALUES (183, 19, 'Order 19 description 3', '2014-01-13 22:08:13.511614', 3, 8, 9);
INSERT INTO public.order_data VALUES (184, 19, 'Order 19 description 4', '2014-01-16 15:11:19.991414', 8, 7, 1);
INSERT INTO public.order_data VALUES (185, 19, 'Order 19 description 5', '2014-01-20 02:25:39.647617', 9, 5, 4);
INSERT INTO public.order_data VALUES (186, 19, 'Order 19 description 6', '2014-01-19 07:36:53.536761', 1, 1, 3);
INSERT INTO public.order_data VALUES (187, 19, 'Order 19 description 7', '2014-01-20 05:12:54.419633', 2, 5, 8);
INSERT INTO public.order_data VALUES (188, 19, 'Order 19 description 8', '2014-01-17 05:02:07.113081', 6, 10, 7);
INSERT INTO public.order_data VALUES (189, 19, 'Order 19 description 9', '2014-01-13 22:14:53.621314', 8, 1, 2);
INSERT INTO public.order_data VALUES (190, 19, 'Order 19 description 10', '2014-01-11 15:01:32.290311', 1, 6, 4);
INSERT INTO public.order_data VALUES (191, 20, 'Order 20 description 1', '2014-01-20 15:55:10.40512', 7, 5, 9);
INSERT INTO public.order_data VALUES (192, 20, 'Order 20 description 2', '2014-01-13 12:42:20.051402', 8, 5, 3);
INSERT INTO public.order_data VALUES (193, 20, 'Order 20 description 3', '2014-01-19 10:33:31.708945', 10, 7, 8);
INSERT INTO public.order_data VALUES (194, 20, 'Order 20 description 4', '2014-01-21 01:25:16.485151', 7, 5, 10);
INSERT INTO public.order_data VALUES (195, 20, 'Order 20 description 5', '2014-01-14 06:29:56.557245', 5, 6, 8);
INSERT INTO public.order_data VALUES (196, 20, 'Order 20 description 6', '2014-01-19 16:41:27.428536', 4, 9, 9);
INSERT INTO public.order_data VALUES (197, 20, 'Order 20 description 7', '2014-01-19 15:17:57.441974', 9, 4, 3);
INSERT INTO public.order_data VALUES (198, 20, 'Order 20 description 8', '2014-01-20 18:47:47.371552', 10, 7, 1);
INSERT INTO public.order_data VALUES (199, 20, 'Order 20 description 9', '2014-01-20 18:52:09.189982', 10, 3, 4);
INSERT INTO public.order_data VALUES (200, 20, 'Order 20 description 10', '2014-01-19 08:02:59.531176', 1, 8, 7);
INSERT INTO public.order_data VALUES (201, 21, 'Order 21 description 1', '2014-01-12 10:21:09.969999', 7, 1, 6);
INSERT INTO public.order_data VALUES (202, 21, 'Order 21 description 2', '2014-01-19 02:49:29.274143', 9, 1, 10);
INSERT INTO public.order_data VALUES (203, 21, 'Order 21 description 3', '2014-01-16 13:41:43.84628', 3, 9, 7);
INSERT INTO public.order_data VALUES (204, 21, 'Order 21 description 4', '2014-01-15 03:12:04.461979', 10, 9, 2);
INSERT INTO public.order_data VALUES (205, 21, 'Order 21 description 5', '2014-01-12 03:55:14.009459', 2, 6, 4);
INSERT INTO public.order_data VALUES (206, 21, 'Order 21 description 6', '2014-01-11 00:54:24.78667', 6, 8, 4);
INSERT INTO public.order_data VALUES (207, 21, 'Order 21 description 7', '2014-01-13 06:37:22.319382', 7, 4, 4);
INSERT INTO public.order_data VALUES (208, 21, 'Order 21 description 8', '2014-01-12 01:37:23.69724', 4, 8, 2);
INSERT INTO public.order_data VALUES (209, 21, 'Order 21 description 9', '2014-01-17 22:43:03.320247', 10, 1, 9);
INSERT INTO public.order_data VALUES (210, 21, 'Order 21 description 10', '2014-01-14 19:47:41.799885', 4, 1, 1);
INSERT INTO public.order_data VALUES (211, 22, 'Order 22 description 1', '2014-01-14 21:31:24.647644', 4, 10, 7);
INSERT INTO public.order_data VALUES (212, 22, 'Order 22 description 2', '2014-01-16 11:37:58.576774', 3, 9, 2);
INSERT INTO public.order_data VALUES (213, 22, 'Order 22 description 3', '2014-01-21 02:43:10.55632', 4, 7, 8);
INSERT INTO public.order_data VALUES (214, 22, 'Order 22 description 4', '2014-01-17 13:14:15.46523', 6, 4, 3);
INSERT INTO public.order_data VALUES (215, 22, 'Order 22 description 5', '2014-01-12 11:16:53.69608', 9, 8, 7);
INSERT INTO public.order_data VALUES (216, 22, 'Order 22 description 6', '2014-01-20 03:39:43.538225', 4, 9, 4);
INSERT INTO public.order_data VALUES (217, 22, 'Order 22 description 7', '2014-01-12 23:25:35.140173', 4, 3, 2);
INSERT INTO public.order_data VALUES (218, 22, 'Order 22 description 8', '2014-01-21 05:41:03.307623', 5, 3, 8);
INSERT INTO public.order_data VALUES (219, 22, 'Order 22 description 9', '2014-01-14 02:12:10.711076', 5, 2, 4);
INSERT INTO public.order_data VALUES (220, 22, 'Order 22 description 10', '2014-01-19 22:38:07.036768', 2, 5, 9);
INSERT INTO public.order_data VALUES (221, 23, 'Order 23 description 1', '2014-01-10 23:55:52.220303', 5, 6, 1);
INSERT INTO public.order_data VALUES (222, 23, 'Order 23 description 2', '2014-01-15 05:29:56.269382', 5, 5, 4);
INSERT INTO public.order_data VALUES (223, 23, 'Order 23 description 3', '2014-01-18 15:06:00.402962', 3, 1, 3);
INSERT INTO public.order_data VALUES (224, 23, 'Order 23 description 4', '2014-01-19 16:15:09.29286', 9, 3, 4);
INSERT INTO public.order_data VALUES (225, 23, 'Order 23 description 5', '2014-01-17 17:21:42.998329', 1, 3, 10);
INSERT INTO public.order_data VALUES (226, 23, 'Order 23 description 6', '2014-01-20 23:01:20.65621', 7, 3, 5);
INSERT INTO public.order_data VALUES (227, 23, 'Order 23 description 7', '2014-01-12 19:21:10.720574', 1, 7, 7);
INSERT INTO public.order_data VALUES (228, 23, 'Order 23 description 8', '2014-01-17 14:03:48.646192', 10, 8, 1);
INSERT INTO public.order_data VALUES (229, 23, 'Order 23 description 9', '2014-01-16 05:19:49.942457', 9, 10, 2);
INSERT INTO public.order_data VALUES (230, 23, 'Order 23 description 10', '2014-01-16 14:00:51.018404', 5, 5, 7);
INSERT INTO public.order_data VALUES (231, 24, 'Order 24 description 1', '2014-01-20 06:08:38.110768', 2, 6, 7);
INSERT INTO public.order_data VALUES (232, 24, 'Order 24 description 2', '2014-01-19 16:51:01.778642', 3, 2, 4);
INSERT INTO public.order_data VALUES (233, 24, 'Order 24 description 3', '2014-01-11 03:52:10.508691', 7, 5, 4);
INSERT INTO public.order_data VALUES (234, 24, 'Order 24 description 4', '2014-01-14 20:24:20.847108', 2, 6, 3);
INSERT INTO public.order_data VALUES (235, 24, 'Order 24 description 5', '2014-01-15 08:51:26.167662', 9, 6, 1);
INSERT INTO public.order_data VALUES (236, 24, 'Order 24 description 6', '2014-01-16 03:56:26.02375', 3, 10, 5);
INSERT INTO public.order_data VALUES (237, 24, 'Order 24 description 7', '2014-01-15 14:06:04.999444', 2, 9, 2);
INSERT INTO public.order_data VALUES (238, 24, 'Order 24 description 8', '2014-01-11 20:15:24.552759', 10, 8, 4);
INSERT INTO public.order_data VALUES (239, 24, 'Order 24 description 9', '2014-01-15 13:42:13.45039', 10, 1, 3);
INSERT INTO public.order_data VALUES (240, 24, 'Order 24 description 10', '2014-01-16 00:19:34.138911', 8, 8, 5);
INSERT INTO public.order_data VALUES (241, 25, 'Order 25 description 1', '2014-01-18 12:36:05.54177', 8, 9, 8);
INSERT INTO public.order_data VALUES (242, 25, 'Order 25 description 2', '2014-01-17 22:43:29.288234', 10, 5, 3);
INSERT INTO public.order_data VALUES (243, 25, 'Order 25 description 3', '2014-01-12 01:02:49.676771', 6, 6, 7);
INSERT INTO public.order_data VALUES (244, 25, 'Order 25 description 4', '2014-01-17 18:16:42.708083', 1, 3, 5);
INSERT INTO public.order_data VALUES (245, 25, 'Order 25 description 5', '2014-01-12 06:15:38.372968', 2, 10, 2);
INSERT INTO public.order_data VALUES (246, 25, 'Order 25 description 6', '2014-01-12 18:18:51.583167', 4, 9, 3);
INSERT INTO public.order_data VALUES (247, 25, 'Order 25 description 7', '2014-01-15 06:12:31.481684', 6, 5, 3);
INSERT INTO public.order_data VALUES (248, 25, 'Order 25 description 8', '2014-01-16 12:07:11.922719', 10, 2, 6);
INSERT INTO public.order_data VALUES (249, 25, 'Order 25 description 9', '2014-01-15 07:32:32.155361', 3, 3, 8);
INSERT INTO public.order_data VALUES (250, 25, 'Order 25 description 10', '2014-01-12 13:03:57.02739', 10, 8, 7);
INSERT INTO public.order_data VALUES (251, 26, 'Order 26 description 1', '2014-01-19 23:30:52.595231', 10, 6, 6);
INSERT INTO public.order_data VALUES (252, 26, 'Order 26 description 2', '2014-01-18 04:52:19.76598', 1, 4, 5);
INSERT INTO public.order_data VALUES (253, 26, 'Order 26 description 3', '2014-01-13 12:00:59.260786', 1, 4, 3);
INSERT INTO public.order_data VALUES (254, 26, 'Order 26 description 4', '2014-01-16 07:42:46.599725', 2, 5, 9);
INSERT INTO public.order_data VALUES (255, 26, 'Order 26 description 5', '2014-01-19 02:39:54.318239', 4, 10, 10);
INSERT INTO public.order_data VALUES (256, 26, 'Order 26 description 6', '2014-01-18 04:28:58.272287', 6, 9, 3);
INSERT INTO public.order_data VALUES (257, 26, 'Order 26 description 7', '2014-01-11 22:08:42.495093', 2, 9, 7);
INSERT INTO public.order_data VALUES (258, 26, 'Order 26 description 8', '2014-01-19 18:24:38.529518', 10, 4, 6);
INSERT INTO public.order_data VALUES (259, 26, 'Order 26 description 9', '2014-01-21 05:54:59.644333', 7, 3, 5);
INSERT INTO public.order_data VALUES (260, 26, 'Order 26 description 10', '2014-01-19 18:20:51.026451', 9, 7, 3);
INSERT INTO public.order_data VALUES (261, 27, 'Order 27 description 1', '2014-01-19 00:46:43.031244', 8, 2, 4);
INSERT INTO public.order_data VALUES (262, 27, 'Order 27 description 2', '2014-01-15 05:25:34.517805', 3, 4, 4);
INSERT INTO public.order_data VALUES (263, 27, 'Order 27 description 3', '2014-01-10 21:34:17.718406', 2, 1, 10);
INSERT INTO public.order_data VALUES (264, 27, 'Order 27 description 4', '2014-01-11 17:12:37.767117', 3, 5, 5);
INSERT INTO public.order_data VALUES (265, 27, 'Order 27 description 5', '2014-01-15 06:11:33.164781', 5, 8, 9);
INSERT INTO public.order_data VALUES (266, 27, 'Order 27 description 6', '2014-01-17 22:26:20.683586', 10, 4, 5);
INSERT INTO public.order_data VALUES (267, 27, 'Order 27 description 7', '2014-01-11 02:36:27.908333', 2, 4, 10);
INSERT INTO public.order_data VALUES (268, 27, 'Order 27 description 8', '2014-01-19 21:51:09.943902', 8, 8, 1);
INSERT INTO public.order_data VALUES (269, 27, 'Order 27 description 9', '2014-01-12 21:53:16.178113', 1, 1, 5);
INSERT INTO public.order_data VALUES (270, 27, 'Order 27 description 10', '2014-01-13 23:31:51.731305', 8, 6, 5);
INSERT INTO public.order_data VALUES (271, 28, 'Order 28 description 1', '2014-01-14 23:17:15.070876', 9, 6, 7);
INSERT INTO public.order_data VALUES (272, 28, 'Order 28 description 2', '2014-01-20 10:38:51.859171', 9, 4, 6);
INSERT INTO public.order_data VALUES (273, 28, 'Order 28 description 3', '2014-01-11 15:23:25.814596', 9, 6, 7);
INSERT INTO public.order_data VALUES (274, 28, 'Order 28 description 4', '2014-01-11 11:57:19.768179', 5, 3, 5);
INSERT INTO public.order_data VALUES (275, 28, 'Order 28 description 5', '2014-01-14 00:39:34.797735', 7, 6, 2);
INSERT INTO public.order_data VALUES (276, 28, 'Order 28 description 6', '2014-01-13 05:08:59.780053', 5, 8, 10);
INSERT INTO public.order_data VALUES (277, 28, 'Order 28 description 7', '2014-01-20 06:57:19.282708', 10, 3, 1);
INSERT INTO public.order_data VALUES (278, 28, 'Order 28 description 8', '2014-01-18 04:43:01.789098', 3, 7, 5);
INSERT INTO public.order_data VALUES (279, 28, 'Order 28 description 9', '2014-01-19 07:20:47.718723', 1, 6, 10);
INSERT INTO public.order_data VALUES (280, 28, 'Order 28 description 10', '2014-01-12 18:56:04.10929', 10, 4, 8);
INSERT INTO public.order_data VALUES (281, 29, 'Order 29 description 1', '2014-01-12 14:43:14.287121', 10, 10, 1);
INSERT INTO public.order_data VALUES (282, 29, 'Order 29 description 2', '2014-01-19 03:34:27.420521', 5, 1, 4);
INSERT INTO public.order_data VALUES (283, 29, 'Order 29 description 3', '2014-01-11 12:35:14.900579', 6, 4, 7);
INSERT INTO public.order_data VALUES (284, 29, 'Order 29 description 4', '2014-01-14 03:29:32.379653', 8, 2, 1);
INSERT INTO public.order_data VALUES (285, 29, 'Order 29 description 5', '2014-01-17 17:18:49.406332', 6, 1, 7);
INSERT INTO public.order_data VALUES (286, 29, 'Order 29 description 6', '2014-01-18 16:37:36.915282', 9, 5, 1);
INSERT INTO public.order_data VALUES (287, 29, 'Order 29 description 7', '2014-01-19 15:33:08.203764', 1, 5, 8);
INSERT INTO public.order_data VALUES (288, 29, 'Order 29 description 8', '2014-01-18 08:41:36.209865', 4, 9, 10);
INSERT INTO public.order_data VALUES (289, 29, 'Order 29 description 9', '2014-01-16 09:36:02.889093', 7, 10, 5);
INSERT INTO public.order_data VALUES (290, 29, 'Order 29 description 10', '2014-01-17 06:14:10.189619', 5, 9, 7);
INSERT INTO public.order_data VALUES (291, 30, 'Order 30 description 1', '2014-01-16 13:28:56.906795', 2, 6, 4);
INSERT INTO public.order_data VALUES (292, 30, 'Order 30 description 2', '2014-01-13 07:18:40.641806', 7, 4, 3);
INSERT INTO public.order_data VALUES (293, 30, 'Order 30 description 3', '2014-01-20 14:59:57.263636', 2, 1, 7);
INSERT INTO public.order_data VALUES (294, 30, 'Order 30 description 4', '2014-01-19 14:08:08.084572', 1, 1, 7);
INSERT INTO public.order_data VALUES (295, 30, 'Order 30 description 5', '2014-01-13 05:44:50.335498', 8, 8, 9);
INSERT INTO public.order_data VALUES (296, 30, 'Order 30 description 6', '2014-01-14 02:21:41.503323', 2, 10, 9);
INSERT INTO public.order_data VALUES (297, 30, 'Order 30 description 7', '2014-01-11 10:48:25.137757', 1, 9, 1);
INSERT INTO public.order_data VALUES (298, 30, 'Order 30 description 8', '2014-01-12 03:25:04.719827', 10, 5, 1);
INSERT INTO public.order_data VALUES (299, 30, 'Order 30 description 9', '2014-01-11 05:01:46.767529', 5, 8, 3);
INSERT INTO public.order_data VALUES (300, 30, 'Order 30 description 10', '2014-01-15 09:13:50.716718', 9, 2, 10);
INSERT INTO public.order_data VALUES (301, 31, 'Order 31 description 1', '2014-01-17 22:51:21.340568', 10, 3, 2);
INSERT INTO public.order_data VALUES (302, 31, 'Order 31 description 2', '2014-01-15 10:06:23.280036', 9, 3, 1);
INSERT INTO public.order_data VALUES (303, 31, 'Order 31 description 3', '2014-01-12 14:25:22.543926', 5, 3, 6);
INSERT INTO public.order_data VALUES (304, 31, 'Order 31 description 4', '2014-01-20 07:04:28.871046', 10, 1, 4);
INSERT INTO public.order_data VALUES (305, 31, 'Order 31 description 5', '2014-01-14 19:02:16.864913', 8, 1, 5);
INSERT INTO public.order_data VALUES (306, 31, 'Order 31 description 6', '2014-01-19 07:38:56.284839', 8, 8, 9);
INSERT INTO public.order_data VALUES (307, 31, 'Order 31 description 7', '2014-01-15 08:21:39.925254', 6, 2, 7);
INSERT INTO public.order_data VALUES (308, 31, 'Order 31 description 8', '2014-01-19 16:04:13.24216', 7, 2, 6);
INSERT INTO public.order_data VALUES (309, 31, 'Order 31 description 9', '2014-01-11 03:54:07.416731', 1, 2, 6);
INSERT INTO public.order_data VALUES (310, 31, 'Order 31 description 10', '2014-01-14 11:18:40.695854', 3, 4, 3);
INSERT INTO public.order_data VALUES (311, 32, 'Order 32 description 1', '2014-01-12 10:14:23.324423', 9, 1, 2);
INSERT INTO public.order_data VALUES (312, 32, 'Order 32 description 2', '2014-01-14 02:04:33.729399', 9, 3, 5);
INSERT INTO public.order_data VALUES (313, 32, 'Order 32 description 3', '2014-01-17 12:46:01.128827', 5, 10, 7);
INSERT INTO public.order_data VALUES (314, 32, 'Order 32 description 4', '2014-01-20 20:09:16.9862', 7, 10, 4);
INSERT INTO public.order_data VALUES (315, 32, 'Order 32 description 5', '2014-01-11 00:35:48.229398', 3, 7, 10);
INSERT INTO public.order_data VALUES (316, 32, 'Order 32 description 6', '2014-01-19 22:23:38.615496', 5, 10, 1);
INSERT INTO public.order_data VALUES (317, 32, 'Order 32 description 7', '2014-01-11 21:17:22.934054', 8, 4, 5);
INSERT INTO public.order_data VALUES (318, 32, 'Order 32 description 8', '2014-01-17 22:44:59.004404', 5, 1, 6);
INSERT INTO public.order_data VALUES (319, 32, 'Order 32 description 9', '2014-01-18 18:51:46.815756', 8, 7, 1);
INSERT INTO public.order_data VALUES (320, 32, 'Order 32 description 10', '2014-01-19 03:34:13.230752', 9, 7, 9);
INSERT INTO public.order_data VALUES (321, 33, 'Order 33 description 1', '2014-01-18 03:00:19.937241', 9, 1, 5);
INSERT INTO public.order_data VALUES (322, 33, 'Order 33 description 2', '2014-01-18 00:30:10.540399', 1, 10, 2);
INSERT INTO public.order_data VALUES (323, 33, 'Order 33 description 3', '2014-01-11 22:21:18.435201', 9, 2, 6);
INSERT INTO public.order_data VALUES (324, 33, 'Order 33 description 4', '2014-01-17 11:28:26.590935', 6, 8, 1);
INSERT INTO public.order_data VALUES (325, 33, 'Order 33 description 5', '2014-01-20 04:57:05.656668', 6, 3, 9);
INSERT INTO public.order_data VALUES (326, 33, 'Order 33 description 6', '2014-01-19 18:52:55.394105', 4, 2, 5);
INSERT INTO public.order_data VALUES (327, 33, 'Order 33 description 7', '2014-01-18 21:38:03.574151', 9, 1, 6);
INSERT INTO public.order_data VALUES (328, 33, 'Order 33 description 8', '2014-01-15 03:33:51.825', 1, 1, 1);
INSERT INTO public.order_data VALUES (329, 33, 'Order 33 description 9', '2014-01-15 15:08:33.461353', 7, 8, 6);
INSERT INTO public.order_data VALUES (330, 33, 'Order 33 description 10', '2014-01-16 10:37:27.080113', 8, 5, 1);
INSERT INTO public.order_data VALUES (331, 34, 'Order 34 description 1', '2014-01-15 12:19:44.590529', 1, 9, 1);
INSERT INTO public.order_data VALUES (332, 34, 'Order 34 description 2', '2014-01-14 09:48:35.75761', 1, 7, 7);
INSERT INTO public.order_data VALUES (333, 34, 'Order 34 description 3', '2014-01-18 01:03:20.374647', 5, 10, 7);
INSERT INTO public.order_data VALUES (334, 34, 'Order 34 description 4', '2014-01-17 11:37:57.906835', 2, 1, 1);
INSERT INTO public.order_data VALUES (335, 34, 'Order 34 description 5', '2014-01-16 13:57:18.552636', 2, 6, 8);
INSERT INTO public.order_data VALUES (336, 34, 'Order 34 description 6', '2014-01-20 01:18:20.706957', 4, 9, 9);
INSERT INTO public.order_data VALUES (337, 34, 'Order 34 description 7', '2014-01-14 15:38:45.240758', 8, 2, 9);
INSERT INTO public.order_data VALUES (338, 34, 'Order 34 description 8', '2014-01-14 12:54:58.642254', 1, 8, 2);
INSERT INTO public.order_data VALUES (339, 34, 'Order 34 description 9', '2014-01-19 09:56:52.458301', 8, 2, 3);
INSERT INTO public.order_data VALUES (340, 34, 'Order 34 description 10', '2014-01-16 00:18:00.263879', 10, 2, 9);
INSERT INTO public.order_data VALUES (341, 35, 'Order 35 description 1', '2014-01-15 15:46:43.834261', 9, 8, 6);
INSERT INTO public.order_data VALUES (342, 35, 'Order 35 description 2', '2014-01-12 22:53:38.118178', 5, 6, 3);
INSERT INTO public.order_data VALUES (343, 35, 'Order 35 description 3', '2014-01-13 16:17:17.978516', 9, 3, 5);
INSERT INTO public.order_data VALUES (344, 35, 'Order 35 description 4', '2014-01-17 06:08:18.0796', 10, 5, 6);
INSERT INTO public.order_data VALUES (345, 35, 'Order 35 description 5', '2014-01-21 05:31:56.71728', 2, 10, 9);
INSERT INTO public.order_data VALUES (346, 35, 'Order 35 description 6', '2014-01-20 05:44:20.446034', 3, 3, 5);
INSERT INTO public.order_data VALUES (347, 35, 'Order 35 description 7', '2014-01-17 17:12:16.81495', 5, 9, 10);
INSERT INTO public.order_data VALUES (348, 35, 'Order 35 description 8', '2014-01-11 19:29:45.437681', 10, 3, 1);
INSERT INTO public.order_data VALUES (349, 35, 'Order 35 description 9', '2014-01-21 05:32:58.243988', 2, 10, 1);
INSERT INTO public.order_data VALUES (350, 35, 'Order 35 description 10', '2014-01-11 12:13:26.740573', 3, 7, 7);
INSERT INTO public.order_data VALUES (351, 36, 'Order 36 description 1', '2014-01-17 22:25:25.351517', 8, 8, 3);
INSERT INTO public.order_data VALUES (352, 36, 'Order 36 description 2', '2014-01-17 00:49:42.448852', 10, 10, 2);
INSERT INTO public.order_data VALUES (353, 36, 'Order 36 description 3', '2014-01-15 17:38:43.930211', 6, 6, 1);
INSERT INTO public.order_data VALUES (354, 36, 'Order 36 description 4', '2014-01-12 00:31:56.858659', 7, 3, 3);
INSERT INTO public.order_data VALUES (355, 36, 'Order 36 description 5', '2014-01-18 21:22:28.474289', 3, 9, 4);
INSERT INTO public.order_data VALUES (356, 36, 'Order 36 description 6', '2014-01-20 14:52:36.335827', 9, 10, 4);
INSERT INTO public.order_data VALUES (357, 36, 'Order 36 description 7', '2014-01-17 11:14:14.499149', 10, 3, 9);
INSERT INTO public.order_data VALUES (358, 36, 'Order 36 description 8', '2014-01-11 00:16:31.068058', 9, 10, 2);
INSERT INTO public.order_data VALUES (359, 36, 'Order 36 description 9', '2014-01-17 13:41:47.275299', 1, 8, 9);
INSERT INTO public.order_data VALUES (360, 36, 'Order 36 description 10', '2014-01-13 14:52:12.776817', 6, 6, 1);
INSERT INTO public.order_data VALUES (361, 37, 'Order 37 description 1', '2014-01-18 20:45:27.27232', 3, 4, 10);
INSERT INTO public.order_data VALUES (362, 37, 'Order 37 description 2', '2014-01-20 16:08:41.927082', 5, 1, 10);
INSERT INTO public.order_data VALUES (363, 37, 'Order 37 description 3', '2014-01-14 17:32:19.987682', 5, 2, 3);
INSERT INTO public.order_data VALUES (364, 37, 'Order 37 description 4', '2014-01-20 21:53:54.567859', 2, 10, 1);
INSERT INTO public.order_data VALUES (365, 37, 'Order 37 description 5', '2014-01-13 19:48:09.319382', 9, 2, 10);
INSERT INTO public.order_data VALUES (366, 37, 'Order 37 description 6', '2014-01-15 08:24:45.729459', 3, 5, 7);
INSERT INTO public.order_data VALUES (367, 37, 'Order 37 description 7', '2014-01-18 07:49:57.560827', 9, 3, 9);
INSERT INTO public.order_data VALUES (368, 37, 'Order 37 description 8', '2014-01-11 01:00:53.885778', 3, 10, 4);
INSERT INTO public.order_data VALUES (369, 37, 'Order 37 description 9', '2014-01-20 00:30:04.131216', 9, 6, 4);
INSERT INTO public.order_data VALUES (370, 37, 'Order 37 description 10', '2014-01-16 11:30:13.08765', 10, 7, 2);
INSERT INTO public.order_data VALUES (371, 38, 'Order 38 description 1', '2014-01-17 11:24:02.745992', 3, 9, 5);
INSERT INTO public.order_data VALUES (372, 38, 'Order 38 description 2', '2014-01-19 01:51:21.284203', 3, 4, 9);
INSERT INTO public.order_data VALUES (373, 38, 'Order 38 description 3', '2014-01-12 13:33:48.388279', 7, 8, 8);
INSERT INTO public.order_data VALUES (374, 38, 'Order 38 description 4', '2014-01-12 08:04:25.916511', 4, 6, 4);
INSERT INTO public.order_data VALUES (375, 38, 'Order 38 description 5', '2014-01-11 04:41:33.438149', 7, 4, 1);
INSERT INTO public.order_data VALUES (376, 38, 'Order 38 description 6', '2014-01-18 12:19:19.835035', 7, 3, 9);
INSERT INTO public.order_data VALUES (377, 38, 'Order 38 description 7', '2014-01-11 14:07:31.523945', 6, 1, 7);
INSERT INTO public.order_data VALUES (378, 38, 'Order 38 description 8', '2014-01-13 15:54:26.232593', 1, 9, 9);
INSERT INTO public.order_data VALUES (379, 38, 'Order 38 description 9', '2014-01-11 21:51:00.19664', 1, 6, 1);
INSERT INTO public.order_data VALUES (380, 38, 'Order 38 description 10', '2014-01-20 23:11:11.682267', 9, 4, 5);
INSERT INTO public.order_data VALUES (381, 39, 'Order 39 description 1', '2014-01-15 11:24:27.01105', 8, 7, 7);
INSERT INTO public.order_data VALUES (382, 39, 'Order 39 description 2', '2014-01-13 07:07:43.825598', 1, 9, 1);
INSERT INTO public.order_data VALUES (383, 39, 'Order 39 description 3', '2014-01-14 03:53:33.595016', 2, 10, 2);
INSERT INTO public.order_data VALUES (384, 39, 'Order 39 description 4', '2014-01-19 10:06:56.587879', 8, 2, 7);
INSERT INTO public.order_data VALUES (385, 39, 'Order 39 description 5', '2014-01-12 07:12:45.427024', 6, 3, 5);
INSERT INTO public.order_data VALUES (386, 39, 'Order 39 description 6', '2014-01-11 23:38:16.861135', 8, 10, 10);
INSERT INTO public.order_data VALUES (387, 39, 'Order 39 description 7', '2014-01-19 13:03:07.164115', 7, 3, 8);
INSERT INTO public.order_data VALUES (388, 39, 'Order 39 description 8', '2014-01-18 16:01:32.848278', 9, 9, 7);
INSERT INTO public.order_data VALUES (389, 39, 'Order 39 description 9', '2014-01-16 02:48:26.99088', 1, 3, 5);
INSERT INTO public.order_data VALUES (390, 39, 'Order 39 description 10', '2014-01-12 09:08:29.744849', 6, 6, 8);
INSERT INTO public.order_data VALUES (391, 40, 'Order 40 description 1', '2014-01-16 00:29:28.583432', 6, 3, 4);
INSERT INTO public.order_data VALUES (392, 40, 'Order 40 description 2', '2014-01-10 23:47:35.943839', 10, 6, 7);
INSERT INTO public.order_data VALUES (393, 40, 'Order 40 description 3', '2014-01-14 07:21:32.442891', 9, 4, 8);
INSERT INTO public.order_data VALUES (394, 40, 'Order 40 description 4', '2014-01-12 19:03:08.442059', 6, 10, 10);
INSERT INTO public.order_data VALUES (395, 40, 'Order 40 description 5', '2014-01-18 14:07:58.318079', 3, 3, 6);
INSERT INTO public.order_data VALUES (396, 40, 'Order 40 description 6', '2014-01-16 19:27:41.950774', 9, 5, 2);
INSERT INTO public.order_data VALUES (397, 40, 'Order 40 description 7', '2014-01-15 02:20:21.528563', 3, 1, 9);
INSERT INTO public.order_data VALUES (398, 40, 'Order 40 description 8', '2014-01-14 08:35:44.936325', 2, 6, 1);
INSERT INTO public.order_data VALUES (399, 40, 'Order 40 description 9', '2014-01-15 00:57:55.780597', 8, 2, 4);
INSERT INTO public.order_data VALUES (400, 40, 'Order 40 description 10', '2014-01-13 19:41:45.521503', 3, 7, 5);
INSERT INTO public.order_data VALUES (401, 41, 'Order 41 description 1', '2014-01-17 15:59:22.375477', 5, 6, 6);
INSERT INTO public.order_data VALUES (402, 41, 'Order 41 description 2', '2014-01-13 19:20:21.297593', 10, 1, 5);
INSERT INTO public.order_data VALUES (403, 41, 'Order 41 description 3', '2014-01-14 23:24:41.372225', 8, 1, 10);
INSERT INTO public.order_data VALUES (404, 41, 'Order 41 description 4', '2014-01-12 01:16:05.90255', 3, 3, 3);
INSERT INTO public.order_data VALUES (405, 41, 'Order 41 description 5', '2014-01-18 23:36:27.693472', 2, 9, 6);
INSERT INTO public.order_data VALUES (406, 41, 'Order 41 description 6', '2014-01-13 16:40:51.667143', 4, 4, 2);
INSERT INTO public.order_data VALUES (407, 41, 'Order 41 description 7', '2014-01-12 09:17:36.620823', 8, 3, 1);
INSERT INTO public.order_data VALUES (408, 41, 'Order 41 description 8', '2014-01-12 23:38:26.18859', 8, 8, 7);
INSERT INTO public.order_data VALUES (409, 41, 'Order 41 description 9', '2014-01-13 01:54:06.285466', 1, 1, 4);
INSERT INTO public.order_data VALUES (410, 41, 'Order 41 description 10', '2014-01-14 12:07:07.932383', 7, 7, 10);
INSERT INTO public.order_data VALUES (411, 42, 'Order 42 description 1', '2014-01-15 18:46:02.290606', 4, 4, 10);
INSERT INTO public.order_data VALUES (412, 42, 'Order 42 description 2', '2014-01-18 21:56:34.168599', 10, 7, 6);
INSERT INTO public.order_data VALUES (413, 42, 'Order 42 description 3', '2014-01-18 16:03:38.992055', 5, 10, 2);
INSERT INTO public.order_data VALUES (414, 42, 'Order 42 description 4', '2014-01-17 06:00:24.522943', 9, 7, 7);
INSERT INTO public.order_data VALUES (415, 42, 'Order 42 description 5', '2014-01-17 17:28:32.703432', 3, 1, 4);
INSERT INTO public.order_data VALUES (416, 42, 'Order 42 description 6', '2014-01-20 18:07:31.428595', 10, 2, 5);
INSERT INTO public.order_data VALUES (417, 42, 'Order 42 description 7', '2014-01-11 21:32:02.44345', 6, 4, 6);
INSERT INTO public.order_data VALUES (418, 42, 'Order 42 description 8', '2014-01-16 19:30:09.566428', 6, 6, 1);
INSERT INTO public.order_data VALUES (419, 42, 'Order 42 description 9', '2014-01-15 17:38:49.20128', 7, 8, 4);
INSERT INTO public.order_data VALUES (420, 42, 'Order 42 description 10', '2014-01-13 09:05:18.999972', 9, 4, 4);
INSERT INTO public.order_data VALUES (421, 43, 'Order 43 description 1', '2014-01-10 22:13:18.986674', 4, 1, 8);
INSERT INTO public.order_data VALUES (422, 43, 'Order 43 description 2', '2014-01-19 14:35:33.353115', 4, 8, 4);
INSERT INTO public.order_data VALUES (423, 43, 'Order 43 description 3', '2014-01-20 05:31:32.267531', 3, 3, 3);
INSERT INTO public.order_data VALUES (424, 43, 'Order 43 description 4', '2014-01-19 04:16:01.89596', 6, 5, 5);
INSERT INTO public.order_data VALUES (425, 43, 'Order 43 description 5', '2014-01-15 10:01:17.335693', 5, 5, 4);
INSERT INTO public.order_data VALUES (426, 43, 'Order 43 description 6', '2014-01-14 05:52:09.660601', 5, 5, 7);
INSERT INTO public.order_data VALUES (427, 43, 'Order 43 description 7', '2014-01-19 17:38:40.391611', 7, 8, 7);
INSERT INTO public.order_data VALUES (428, 43, 'Order 43 description 8', '2014-01-12 15:18:43.950391', 1, 4, 1);
INSERT INTO public.order_data VALUES (429, 43, 'Order 43 description 9', '2014-01-12 00:30:14.554673', 8, 7, 6);
INSERT INTO public.order_data VALUES (430, 43, 'Order 43 description 10', '2014-01-20 11:21:53.700226', 7, 1, 9);
INSERT INTO public.order_data VALUES (431, 44, 'Order 44 description 1', '2014-01-18 11:34:48.397251', 9, 1, 10);
INSERT INTO public.order_data VALUES (432, 44, 'Order 44 description 2', '2014-01-17 12:37:37.737778', 4, 10, 9);
INSERT INTO public.order_data VALUES (433, 44, 'Order 44 description 3', '2014-01-14 22:44:40.871355', 9, 5, 7);
INSERT INTO public.order_data VALUES (434, 44, 'Order 44 description 4', '2014-01-16 10:57:44.483329', 10, 1, 3);
INSERT INTO public.order_data VALUES (435, 44, 'Order 44 description 5', '2014-01-15 06:31:15.587011', 5, 2, 10);
INSERT INTO public.order_data VALUES (436, 44, 'Order 44 description 6', '2014-01-13 15:35:29.404515', 3, 5, 7);
INSERT INTO public.order_data VALUES (437, 44, 'Order 44 description 7', '2014-01-16 16:29:50.849088', 6, 6, 7);
INSERT INTO public.order_data VALUES (438, 44, 'Order 44 description 8', '2014-01-11 01:47:46.157729', 1, 5, 5);
INSERT INTO public.order_data VALUES (439, 44, 'Order 44 description 9', '2014-01-20 23:47:12.99698', 1, 8, 8);
INSERT INTO public.order_data VALUES (440, 44, 'Order 44 description 10', '2014-01-18 11:07:53.773558', 10, 4, 2);
INSERT INTO public.order_data VALUES (441, 45, 'Order 45 description 1', '2014-01-12 16:31:38.223168', 4, 7, 9);
INSERT INTO public.order_data VALUES (442, 45, 'Order 45 description 2', '2014-01-16 21:32:50.988948', 6, 2, 1);
INSERT INTO public.order_data VALUES (443, 45, 'Order 45 description 3', '2014-01-15 02:22:12.480764', 7, 5, 2);
INSERT INTO public.order_data VALUES (444, 45, 'Order 45 description 4', '2014-01-20 23:45:45.944697', 2, 4, 5);
INSERT INTO public.order_data VALUES (445, 45, 'Order 45 description 5', '2014-01-15 02:04:33.796213', 9, 6, 3);
INSERT INTO public.order_data VALUES (446, 45, 'Order 45 description 6', '2014-01-16 15:54:27.825541', 1, 8, 6);
INSERT INTO public.order_data VALUES (447, 45, 'Order 45 description 7', '2014-01-17 01:29:36.877245', 1, 4, 4);
INSERT INTO public.order_data VALUES (448, 45, 'Order 45 description 8', '2014-01-14 10:18:49.456342', 5, 4, 9);
INSERT INTO public.order_data VALUES (449, 45, 'Order 45 description 9', '2014-01-19 16:04:55.2836', 9, 5, 2);
INSERT INTO public.order_data VALUES (450, 45, 'Order 45 description 10', '2014-01-12 07:58:08.681899', 3, 8, 2);
INSERT INTO public.order_data VALUES (451, 46, 'Order 46 description 1', '2014-01-12 13:48:20.359578', 7, 5, 9);
INSERT INTO public.order_data VALUES (452, 46, 'Order 46 description 2', '2014-01-19 06:38:01.360841', 4, 6, 4);
INSERT INTO public.order_data VALUES (453, 46, 'Order 46 description 3', '2014-01-16 18:25:20.351135', 5, 1, 9);
INSERT INTO public.order_data VALUES (454, 46, 'Order 46 description 4', '2014-01-15 21:42:11.452754', 2, 9, 1);
INSERT INTO public.order_data VALUES (455, 46, 'Order 46 description 5', '2014-01-17 04:11:07.545203', 1, 10, 4);
INSERT INTO public.order_data VALUES (456, 46, 'Order 46 description 6', '2014-01-16 18:54:30.130809', 1, 6, 2);
INSERT INTO public.order_data VALUES (457, 46, 'Order 46 description 7', '2014-01-15 20:28:31.337243', 8, 5, 7);
INSERT INTO public.order_data VALUES (458, 46, 'Order 46 description 8', '2014-01-12 07:18:26.265043', 10, 10, 6);
INSERT INTO public.order_data VALUES (459, 46, 'Order 46 description 9', '2014-01-18 20:24:00.379596', 6, 1, 6);
INSERT INTO public.order_data VALUES (460, 46, 'Order 46 description 10', '2014-01-20 14:28:28.604967', 10, 9, 3);
INSERT INTO public.order_data VALUES (461, 47, 'Order 47 description 1', '2014-01-19 08:58:38.762535', 2, 9, 8);
INSERT INTO public.order_data VALUES (462, 47, 'Order 47 description 2', '2014-01-20 08:49:15.899608', 5, 7, 9);
INSERT INTO public.order_data VALUES (463, 47, 'Order 47 description 3', '2014-01-12 05:57:57.517302', 1, 3, 5);
INSERT INTO public.order_data VALUES (464, 47, 'Order 47 description 4', '2014-01-20 04:20:30.299064', 10, 2, 8);
INSERT INTO public.order_data VALUES (465, 47, 'Order 47 description 5', '2014-01-15 21:09:39.26643', 5, 8, 1);
INSERT INTO public.order_data VALUES (466, 47, 'Order 47 description 6', '2014-01-12 02:45:38.035108', 1, 8, 3);
INSERT INTO public.order_data VALUES (467, 47, 'Order 47 description 7', '2014-01-16 06:49:20.354293', 2, 10, 1);
INSERT INTO public.order_data VALUES (468, 47, 'Order 47 description 8', '2014-01-15 00:53:15.682782', 2, 7, 8);
INSERT INTO public.order_data VALUES (469, 47, 'Order 47 description 9', '2014-01-14 10:31:24.092303', 6, 3, 10);
INSERT INTO public.order_data VALUES (470, 47, 'Order 47 description 10', '2014-01-11 18:28:55.695787', 5, 2, 6);
INSERT INTO public.order_data VALUES (471, 48, 'Order 48 description 1', '2014-01-18 20:09:09.948295', 1, 2, 10);
INSERT INTO public.order_data VALUES (472, 48, 'Order 48 description 2', '2014-01-12 01:27:28.025309', 6, 7, 7);
INSERT INTO public.order_data VALUES (473, 48, 'Order 48 description 3', '2014-01-20 09:42:55.290168', 4, 2, 3);
INSERT INTO public.order_data VALUES (474, 48, 'Order 48 description 4', '2014-01-18 22:16:15.373773', 10, 10, 8);
INSERT INTO public.order_data VALUES (475, 48, 'Order 48 description 5', '2014-01-14 17:55:57.777007', 7, 4, 2);
INSERT INTO public.order_data VALUES (476, 48, 'Order 48 description 6', '2014-01-13 06:10:35.068085', 8, 7, 6);
INSERT INTO public.order_data VALUES (477, 48, 'Order 48 description 7', '2014-01-20 07:17:37.990993', 9, 3, 8);
INSERT INTO public.order_data VALUES (478, 48, 'Order 48 description 8', '2014-01-11 11:31:47.142558', 9, 6, 1);
INSERT INTO public.order_data VALUES (479, 48, 'Order 48 description 9', '2014-01-12 18:05:01.813114', 8, 9, 9);
INSERT INTO public.order_data VALUES (480, 48, 'Order 48 description 10', '2014-01-18 15:54:00.973017', 9, 3, 2);
INSERT INTO public.order_data VALUES (481, 49, 'Order 49 description 1', '2014-01-13 19:43:48.603878', 2, 9, 4);
INSERT INTO public.order_data VALUES (482, 49, 'Order 49 description 2', '2014-01-12 19:02:51.893257', 5, 6, 10);
INSERT INTO public.order_data VALUES (483, 49, 'Order 49 description 3', '2014-01-18 01:17:37.41808', 1, 1, 1);
INSERT INTO public.order_data VALUES (484, 49, 'Order 49 description 4', '2014-01-13 21:43:38.424297', 8, 5, 1);
INSERT INTO public.order_data VALUES (485, 49, 'Order 49 description 5', '2014-01-19 00:48:26.441732', 3, 6, 9);
INSERT INTO public.order_data VALUES (486, 49, 'Order 49 description 6', '2014-01-13 10:34:06.636782', 4, 6, 1);
INSERT INTO public.order_data VALUES (487, 49, 'Order 49 description 7', '2014-01-18 11:00:06.439495', 2, 10, 3);
INSERT INTO public.order_data VALUES (488, 49, 'Order 49 description 8', '2014-01-13 01:20:38.163889', 4, 1, 4);
INSERT INTO public.order_data VALUES (489, 49, 'Order 49 description 9', '2014-01-16 22:06:38.977639', 5, 1, 5);
INSERT INTO public.order_data VALUES (490, 49, 'Order 49 description 10', '2014-01-13 23:04:14.289609', 1, 10, 3);
INSERT INTO public.order_data VALUES (491, 50, 'Order 50 description 1', '2014-01-16 12:57:06.605968', 8, 8, 2);
INSERT INTO public.order_data VALUES (492, 50, 'Order 50 description 2', '2014-01-13 15:29:12.053924', 8, 6, 3);
INSERT INTO public.order_data VALUES (493, 50, 'Order 50 description 3', '2014-01-14 23:58:44.934997', 6, 3, 8);
INSERT INTO public.order_data VALUES (494, 50, 'Order 50 description 4', '2014-01-20 19:33:14.205243', 5, 7, 7);
INSERT INTO public.order_data VALUES (495, 50, 'Order 50 description 5', '2014-01-18 21:44:14.049832', 5, 5, 8);
INSERT INTO public.order_data VALUES (496, 50, 'Order 50 description 6', '2014-01-13 12:14:07.254773', 7, 9, 10);
INSERT INTO public.order_data VALUES (497, 50, 'Order 50 description 7', '2014-01-13 02:51:43.840723', 1, 5, 9);
INSERT INTO public.order_data VALUES (498, 50, 'Order 50 description 8', '2014-01-17 05:14:11.8897', 7, 10, 7);
INSERT INTO public.order_data VALUES (499, 50, 'Order 50 description 9', '2014-01-20 18:32:05.75649', 4, 4, 10);
INSERT INTO public.order_data VALUES (500, 50, 'Order 50 description 10', '2014-01-20 06:13:37.310895', 5, 1, 10);
INSERT INTO public.order_data VALUES (501, 51, 'Order 51 description 1', '2014-01-19 01:52:28.267195', 8, 7, 3);
INSERT INTO public.order_data VALUES (502, 51, 'Order 51 description 2', '2014-01-12 21:34:30.928484', 7, 1, 4);
INSERT INTO public.order_data VALUES (503, 51, 'Order 51 description 3', '2014-01-13 20:56:03.865647', 9, 7, 4);
INSERT INTO public.order_data VALUES (504, 51, 'Order 51 description 4', '2014-01-19 20:21:16.478182', 7, 7, 3);
INSERT INTO public.order_data VALUES (505, 51, 'Order 51 description 5', '2014-01-15 04:01:24.622475', 7, 8, 9);
INSERT INTO public.order_data VALUES (506, 51, 'Order 51 description 6', '2014-01-13 09:53:13.609534', 7, 2, 10);
INSERT INTO public.order_data VALUES (507, 51, 'Order 51 description 7', '2014-01-14 13:14:52.759469', 6, 10, 5);
INSERT INTO public.order_data VALUES (508, 51, 'Order 51 description 8', '2014-01-18 11:47:19.688815', 4, 2, 3);
INSERT INTO public.order_data VALUES (509, 51, 'Order 51 description 9', '2014-01-10 21:18:14.344708', 8, 5, 7);
INSERT INTO public.order_data VALUES (510, 51, 'Order 51 description 10', '2014-01-14 23:12:33.805622', 6, 7, 7);
INSERT INTO public.order_data VALUES (511, 52, 'Order 52 description 1', '2014-01-16 10:16:06.205555', 7, 5, 3);
INSERT INTO public.order_data VALUES (512, 52, 'Order 52 description 2', '2014-01-18 14:14:12.368091', 10, 8, 2);
INSERT INTO public.order_data VALUES (513, 52, 'Order 52 description 3', '2014-01-15 09:50:02.272415', 7, 7, 4);
INSERT INTO public.order_data VALUES (514, 52, 'Order 52 description 4', '2014-01-20 00:31:22.460582', 8, 10, 6);
INSERT INTO public.order_data VALUES (515, 52, 'Order 52 description 5', '2014-01-19 23:13:56.347621', 7, 5, 5);
INSERT INTO public.order_data VALUES (516, 52, 'Order 52 description 6', '2014-01-18 03:00:15.117853', 10, 8, 10);
INSERT INTO public.order_data VALUES (517, 52, 'Order 52 description 7', '2014-01-17 07:06:24.993026', 10, 6, 5);
INSERT INTO public.order_data VALUES (518, 52, 'Order 52 description 8', '2014-01-14 05:14:38.192759', 2, 4, 10);
INSERT INTO public.order_data VALUES (519, 52, 'Order 52 description 9', '2014-01-20 03:52:10.89742', 7, 4, 8);
INSERT INTO public.order_data VALUES (520, 52, 'Order 52 description 10', '2014-01-15 15:38:01.3278', 9, 9, 3);
INSERT INTO public.order_data VALUES (521, 53, 'Order 53 description 1', '2014-01-11 11:37:35.78613', 3, 6, 3);
INSERT INTO public.order_data VALUES (522, 53, 'Order 53 description 2', '2014-01-13 18:09:06.576914', 8, 1, 1);
INSERT INTO public.order_data VALUES (523, 53, 'Order 53 description 3', '2014-01-12 23:12:36.560695', 2, 3, 3);
INSERT INTO public.order_data VALUES (524, 53, 'Order 53 description 4', '2014-01-17 23:00:31.73195', 1, 10, 5);
INSERT INTO public.order_data VALUES (525, 53, 'Order 53 description 5', '2014-01-20 05:40:40.899371', 5, 2, 6);
INSERT INTO public.order_data VALUES (526, 53, 'Order 53 description 6', '2014-01-20 07:48:32.81461', 9, 5, 7);
INSERT INTO public.order_data VALUES (527, 53, 'Order 53 description 7', '2014-01-10 20:01:25.230731', 10, 6, 6);
INSERT INTO public.order_data VALUES (528, 53, 'Order 53 description 8', '2014-01-11 19:08:47.74496', 1, 2, 9);
INSERT INTO public.order_data VALUES (529, 53, 'Order 53 description 9', '2014-01-17 07:33:27.460855', 1, 10, 1);
INSERT INTO public.order_data VALUES (530, 53, 'Order 53 description 10', '2014-01-15 21:53:38.002604', 9, 7, 10);
INSERT INTO public.order_data VALUES (531, 54, 'Order 54 description 1', '2014-01-11 03:05:15.611229', 1, 1, 5);
INSERT INTO public.order_data VALUES (532, 54, 'Order 54 description 2', '2014-01-15 15:58:55.439948', 7, 9, 10);
INSERT INTO public.order_data VALUES (533, 54, 'Order 54 description 3', '2014-01-12 09:07:39.698627', 2, 5, 4);
INSERT INTO public.order_data VALUES (534, 54, 'Order 54 description 4', '2014-01-14 16:14:55.348235', 9, 7, 10);
INSERT INTO public.order_data VALUES (535, 54, 'Order 54 description 5', '2014-01-15 21:31:31.451176', 4, 5, 9);
INSERT INTO public.order_data VALUES (536, 54, 'Order 54 description 6', '2014-01-17 10:19:59.522857', 5, 1, 10);
INSERT INTO public.order_data VALUES (537, 54, 'Order 54 description 7', '2014-01-17 09:53:36.293001', 4, 1, 9);
INSERT INTO public.order_data VALUES (538, 54, 'Order 54 description 8', '2014-01-16 06:42:59.707135', 5, 1, 2);
INSERT INTO public.order_data VALUES (539, 54, 'Order 54 description 9', '2014-01-18 14:10:29.62487', 7, 5, 5);
INSERT INTO public.order_data VALUES (540, 54, 'Order 54 description 10', '2014-01-19 20:16:15.755889', 7, 7, 4);
INSERT INTO public.order_data VALUES (541, 55, 'Order 55 description 1', '2014-01-11 21:01:41.367636', 10, 7, 8);
INSERT INTO public.order_data VALUES (542, 55, 'Order 55 description 2', '2014-01-14 22:38:42.793535', 7, 1, 2);
INSERT INTO public.order_data VALUES (543, 55, 'Order 55 description 3', '2014-01-11 21:22:19.929864', 5, 9, 1);
INSERT INTO public.order_data VALUES (544, 55, 'Order 55 description 4', '2014-01-19 12:17:21.091066', 7, 7, 3);
INSERT INTO public.order_data VALUES (545, 55, 'Order 55 description 5', '2014-01-21 03:09:40.215728', 3, 1, 7);
INSERT INTO public.order_data VALUES (546, 55, 'Order 55 description 6', '2014-01-11 16:41:45.306119', 3, 4, 3);
INSERT INTO public.order_data VALUES (547, 55, 'Order 55 description 7', '2014-01-11 09:19:44.618156', 7, 8, 4);
INSERT INTO public.order_data VALUES (548, 55, 'Order 55 description 8', '2014-01-12 10:50:38.506998', 1, 9, 5);
INSERT INTO public.order_data VALUES (549, 55, 'Order 55 description 9', '2014-01-13 16:04:38.344375', 7, 2, 1);
INSERT INTO public.order_data VALUES (550, 55, 'Order 55 description 10', '2014-01-14 05:27:06.446109', 5, 8, 1);
INSERT INTO public.order_data VALUES (551, 56, 'Order 56 description 1', '2014-01-14 21:12:30.690767', 3, 3, 7);
INSERT INTO public.order_data VALUES (552, 56, 'Order 56 description 2', '2014-01-20 23:21:14.119766', 4, 5, 10);
INSERT INTO public.order_data VALUES (553, 56, 'Order 56 description 3', '2014-01-11 04:43:11.084676', 8, 7, 3);
INSERT INTO public.order_data VALUES (554, 56, 'Order 56 description 4', '2014-01-19 13:57:58.822727', 3, 8, 3);
INSERT INTO public.order_data VALUES (555, 56, 'Order 56 description 5', '2014-01-19 05:06:18.042857', 6, 4, 1);
INSERT INTO public.order_data VALUES (556, 56, 'Order 56 description 6', '2014-01-13 12:17:35.783631', 1, 9, 2);
INSERT INTO public.order_data VALUES (557, 56, 'Order 56 description 7', '2014-01-17 12:29:08.879261', 2, 7, 3);
INSERT INTO public.order_data VALUES (558, 56, 'Order 56 description 8', '2014-01-16 00:25:25.94884', 4, 8, 2);
INSERT INTO public.order_data VALUES (559, 56, 'Order 56 description 9', '2014-01-13 14:33:34.972682', 6, 8, 4);
INSERT INTO public.order_data VALUES (560, 56, 'Order 56 description 10', '2014-01-17 07:33:46.271571', 7, 6, 6);
INSERT INTO public.order_data VALUES (561, 57, 'Order 57 description 1', '2014-01-15 16:49:28.297482', 7, 3, 2);
INSERT INTO public.order_data VALUES (562, 57, 'Order 57 description 2', '2014-01-13 09:27:43.419515', 7, 5, 9);
INSERT INTO public.order_data VALUES (563, 57, 'Order 57 description 3', '2014-01-19 13:46:44.335748', 7, 6, 9);
INSERT INTO public.order_data VALUES (564, 57, 'Order 57 description 4', '2014-01-11 05:28:38.661992', 4, 9, 9);
INSERT INTO public.order_data VALUES (565, 57, 'Order 57 description 5', '2014-01-15 22:49:10.895228', 8, 7, 4);
INSERT INTO public.order_data VALUES (566, 57, 'Order 57 description 6', '2014-01-18 04:56:44.29541', 4, 2, 1);
INSERT INTO public.order_data VALUES (567, 57, 'Order 57 description 7', '2014-01-15 06:11:50.423386', 10, 7, 2);
INSERT INTO public.order_data VALUES (568, 57, 'Order 57 description 8', '2014-01-18 17:02:48.559074', 9, 6, 3);
INSERT INTO public.order_data VALUES (569, 57, 'Order 57 description 9', '2014-01-18 10:01:11.843719', 4, 10, 1);
INSERT INTO public.order_data VALUES (570, 57, 'Order 57 description 10', '2014-01-11 08:31:38.789652', 9, 4, 7);
INSERT INTO public.order_data VALUES (571, 58, 'Order 58 description 1', '2014-01-15 19:10:38.768895', 4, 6, 4);
INSERT INTO public.order_data VALUES (572, 58, 'Order 58 description 2', '2014-01-15 01:14:49.292378', 2, 10, 1);
INSERT INTO public.order_data VALUES (573, 58, 'Order 58 description 3', '2014-01-17 12:13:45.460789', 3, 5, 10);
INSERT INTO public.order_data VALUES (574, 58, 'Order 58 description 4', '2014-01-15 06:59:29.582407', 5, 6, 7);
INSERT INTO public.order_data VALUES (575, 58, 'Order 58 description 5', '2014-01-13 00:12:51.205362', 5, 8, 7);
INSERT INTO public.order_data VALUES (576, 58, 'Order 58 description 6', '2014-01-14 18:29:52.178683', 10, 2, 9);
INSERT INTO public.order_data VALUES (577, 58, 'Order 58 description 7', '2014-01-19 19:40:15.391684', 6, 7, 4);
INSERT INTO public.order_data VALUES (578, 58, 'Order 58 description 8', '2014-01-14 21:17:32.093099', 5, 8, 7);
INSERT INTO public.order_data VALUES (579, 58, 'Order 58 description 9', '2014-01-16 18:47:19.372373', 7, 4, 1);
INSERT INTO public.order_data VALUES (580, 58, 'Order 58 description 10', '2014-01-17 03:40:28.905053', 7, 5, 9);
INSERT INTO public.order_data VALUES (581, 59, 'Order 59 description 1', '2014-01-14 17:22:39.430792', 3, 2, 5);
INSERT INTO public.order_data VALUES (582, 59, 'Order 59 description 2', '2014-01-18 01:32:58.203732', 5, 10, 5);
INSERT INTO public.order_data VALUES (583, 59, 'Order 59 description 3', '2014-01-18 15:54:04.275522', 10, 1, 1);
INSERT INTO public.order_data VALUES (584, 59, 'Order 59 description 4', '2014-01-15 17:14:44.775907', 10, 6, 8);
INSERT INTO public.order_data VALUES (585, 59, 'Order 59 description 5', '2014-01-12 00:18:58.841633', 8, 7, 2);
INSERT INTO public.order_data VALUES (586, 59, 'Order 59 description 6', '2014-01-19 13:49:18.452105', 7, 7, 4);
INSERT INTO public.order_data VALUES (587, 59, 'Order 59 description 7', '2014-01-17 16:18:58.268365', 2, 2, 2);
INSERT INTO public.order_data VALUES (588, 59, 'Order 59 description 8', '2014-01-19 02:56:48.118879', 10, 7, 5);
INSERT INTO public.order_data VALUES (589, 59, 'Order 59 description 9', '2014-01-19 02:04:52.564823', 8, 10, 5);
INSERT INTO public.order_data VALUES (590, 59, 'Order 59 description 10', '2014-01-17 05:02:53.473153', 6, 6, 9);
INSERT INTO public.order_data VALUES (591, 60, 'Order 60 description 1', '2014-01-16 09:33:38.539796', 7, 4, 5);
INSERT INTO public.order_data VALUES (592, 60, 'Order 60 description 2', '2014-01-19 10:24:36.140953', 4, 7, 4);
INSERT INTO public.order_data VALUES (593, 60, 'Order 60 description 3', '2014-01-11 20:29:28.590658', 9, 10, 4);
INSERT INTO public.order_data VALUES (594, 60, 'Order 60 description 4', '2014-01-14 11:21:29.621338', 7, 10, 2);
INSERT INTO public.order_data VALUES (595, 60, 'Order 60 description 5', '2014-01-18 16:31:35.647402', 1, 1, 4);
INSERT INTO public.order_data VALUES (596, 60, 'Order 60 description 6', '2014-01-13 00:15:12.747524', 8, 10, 3);
INSERT INTO public.order_data VALUES (597, 60, 'Order 60 description 7', '2014-01-17 00:14:36.267627', 9, 6, 6);
INSERT INTO public.order_data VALUES (598, 60, 'Order 60 description 8', '2014-01-13 23:51:25.556766', 3, 6, 4);
INSERT INTO public.order_data VALUES (599, 60, 'Order 60 description 9', '2014-01-17 04:32:04.768782', 4, 4, 7);
INSERT INTO public.order_data VALUES (600, 60, 'Order 60 description 10', '2014-01-21 03:15:22.690633', 1, 4, 9);
INSERT INTO public.order_data VALUES (601, 61, 'Order 61 description 1', '2014-01-17 08:47:10.236368', 4, 9, 4);
INSERT INTO public.order_data VALUES (602, 61, 'Order 61 description 2', '2014-01-17 09:45:49.082862', 10, 6, 8);
INSERT INTO public.order_data VALUES (603, 61, 'Order 61 description 3', '2014-01-13 18:51:02.395025', 7, 1, 9);
INSERT INTO public.order_data VALUES (604, 61, 'Order 61 description 4', '2014-01-18 13:05:07.474107', 6, 10, 9);
INSERT INTO public.order_data VALUES (605, 61, 'Order 61 description 5', '2014-01-13 09:49:48.443578', 3, 2, 3);
INSERT INTO public.order_data VALUES (606, 61, 'Order 61 description 6', '2014-01-19 10:29:37.38761', 8, 7, 3);
INSERT INTO public.order_data VALUES (607, 61, 'Order 61 description 7', '2014-01-20 21:13:55.739276', 10, 2, 6);
INSERT INTO public.order_data VALUES (608, 61, 'Order 61 description 8', '2014-01-15 08:04:27.442991', 8, 3, 8);
INSERT INTO public.order_data VALUES (609, 61, 'Order 61 description 9', '2014-01-14 06:45:53.605024', 10, 4, 9);
INSERT INTO public.order_data VALUES (610, 61, 'Order 61 description 10', '2014-01-17 21:22:37.286636', 1, 5, 5);
INSERT INTO public.order_data VALUES (611, 62, 'Order 62 description 1', '2014-01-18 16:34:56.113108', 3, 8, 3);
INSERT INTO public.order_data VALUES (612, 62, 'Order 62 description 2', '2014-01-12 05:19:56.075626', 10, 3, 5);
INSERT INTO public.order_data VALUES (613, 62, 'Order 62 description 3', '2014-01-14 07:34:32.860783', 6, 2, 3);
INSERT INTO public.order_data VALUES (614, 62, 'Order 62 description 4', '2014-01-20 02:28:53.374791', 8, 1, 3);
INSERT INTO public.order_data VALUES (615, 62, 'Order 62 description 5', '2014-01-14 07:50:31.095695', 9, 3, 2);
INSERT INTO public.order_data VALUES (616, 62, 'Order 62 description 6', '2014-01-20 07:01:21.594225', 9, 5, 6);
INSERT INTO public.order_data VALUES (617, 62, 'Order 62 description 7', '2014-01-21 01:07:28.624724', 8, 5, 1);
INSERT INTO public.order_data VALUES (618, 62, 'Order 62 description 8', '2014-01-12 12:27:11.509321', 10, 9, 9);
INSERT INTO public.order_data VALUES (619, 62, 'Order 62 description 9', '2014-01-15 11:07:21.679267', 4, 3, 4);
INSERT INTO public.order_data VALUES (620, 62, 'Order 62 description 10', '2014-01-15 23:28:46.660023', 7, 1, 7);
INSERT INTO public.order_data VALUES (621, 63, 'Order 63 description 1', '2014-01-15 16:08:25.856491', 5, 2, 8);
INSERT INTO public.order_data VALUES (622, 63, 'Order 63 description 2', '2014-01-13 07:45:08.571551', 10, 6, 2);
INSERT INTO public.order_data VALUES (623, 63, 'Order 63 description 3', '2014-01-17 02:22:53.134645', 10, 10, 4);
INSERT INTO public.order_data VALUES (624, 63, 'Order 63 description 4', '2014-01-13 02:36:51.04169', 2, 2, 9);
INSERT INTO public.order_data VALUES (625, 63, 'Order 63 description 5', '2014-01-19 11:30:35.312038', 7, 6, 2);
INSERT INTO public.order_data VALUES (626, 63, 'Order 63 description 6', '2014-01-19 03:22:50.765793', 9, 1, 6);
INSERT INTO public.order_data VALUES (627, 63, 'Order 63 description 7', '2014-01-21 05:29:18.452416', 1, 4, 6);
INSERT INTO public.order_data VALUES (628, 63, 'Order 63 description 8', '2014-01-21 01:58:42.392589', 3, 10, 2);
INSERT INTO public.order_data VALUES (629, 63, 'Order 63 description 9', '2014-01-18 20:16:19.412605', 1, 4, 9);
INSERT INTO public.order_data VALUES (630, 63, 'Order 63 description 10', '2014-01-11 22:13:27.688967', 6, 8, 4);
INSERT INTO public.order_data VALUES (631, 64, 'Order 64 description 1', '2014-01-12 15:38:52.563286', 2, 9, 10);
INSERT INTO public.order_data VALUES (632, 64, 'Order 64 description 2', '2014-01-18 18:04:45.659174', 1, 6, 9);
INSERT INTO public.order_data VALUES (633, 64, 'Order 64 description 3', '2014-01-15 04:43:31.254477', 1, 2, 10);
INSERT INTO public.order_data VALUES (634, 64, 'Order 64 description 4', '2014-01-12 01:41:51.810247', 10, 8, 1);
INSERT INTO public.order_data VALUES (635, 64, 'Order 64 description 5', '2014-01-17 11:41:34.882075', 4, 3, 9);
INSERT INTO public.order_data VALUES (636, 64, 'Order 64 description 6', '2014-01-12 05:14:16.871875', 5, 3, 2);
INSERT INTO public.order_data VALUES (637, 64, 'Order 64 description 7', '2014-01-18 17:09:35.168281', 5, 1, 1);
INSERT INTO public.order_data VALUES (638, 64, 'Order 64 description 8', '2014-01-11 13:28:41.064336', 1, 4, 9);
INSERT INTO public.order_data VALUES (639, 64, 'Order 64 description 9', '2014-01-12 03:27:06.287571', 9, 2, 7);
INSERT INTO public.order_data VALUES (640, 64, 'Order 64 description 10', '2014-01-14 16:12:37.637622', 4, 6, 1);
INSERT INTO public.order_data VALUES (641, 65, 'Order 65 description 1', '2014-01-20 06:56:29.85106', 4, 8, 3);
INSERT INTO public.order_data VALUES (642, 65, 'Order 65 description 2', '2014-01-12 07:32:35.371111', 5, 2, 7);
INSERT INTO public.order_data VALUES (643, 65, 'Order 65 description 3', '2014-01-20 09:11:43.690024', 5, 2, 4);
INSERT INTO public.order_data VALUES (644, 65, 'Order 65 description 4', '2014-01-16 20:15:37.089683', 8, 2, 8);
INSERT INTO public.order_data VALUES (645, 65, 'Order 65 description 5', '2014-01-15 05:16:33.969871', 4, 3, 10);
INSERT INTO public.order_data VALUES (646, 65, 'Order 65 description 6', '2014-01-18 18:39:54.406497', 8, 2, 9);
INSERT INTO public.order_data VALUES (647, 65, 'Order 65 description 7', '2014-01-12 12:53:58.542116', 10, 7, 8);
INSERT INTO public.order_data VALUES (648, 65, 'Order 65 description 8', '2014-01-14 00:54:08.817846', 1, 1, 5);
INSERT INTO public.order_data VALUES (649, 65, 'Order 65 description 9', '2014-01-15 21:22:08.078373', 5, 4, 7);
INSERT INTO public.order_data VALUES (650, 65, 'Order 65 description 10', '2014-01-19 14:30:27.71586', 1, 1, 9);
INSERT INTO public.order_data VALUES (651, 66, 'Order 66 description 1', '2014-01-11 06:50:13.364844', 9, 9, 6);
INSERT INTO public.order_data VALUES (652, 66, 'Order 66 description 2', '2014-01-14 02:34:59.906199', 9, 2, 1);
INSERT INTO public.order_data VALUES (653, 66, 'Order 66 description 3', '2014-01-18 11:07:43.361587', 3, 5, 7);
INSERT INTO public.order_data VALUES (654, 66, 'Order 66 description 4', '2014-01-13 23:30:39.757215', 6, 6, 2);
INSERT INTO public.order_data VALUES (655, 66, 'Order 66 description 5', '2014-01-16 07:02:11.432159', 3, 8, 10);
INSERT INTO public.order_data VALUES (656, 66, 'Order 66 description 6', '2014-01-17 02:32:51.960256', 8, 7, 9);
INSERT INTO public.order_data VALUES (657, 66, 'Order 66 description 7', '2014-01-18 17:46:21.503172', 3, 7, 6);
INSERT INTO public.order_data VALUES (658, 66, 'Order 66 description 8', '2014-01-13 00:34:49.27617', 10, 9, 4);
INSERT INTO public.order_data VALUES (659, 66, 'Order 66 description 9', '2014-01-15 08:04:19.876883', 7, 2, 8);
INSERT INTO public.order_data VALUES (660, 66, 'Order 66 description 10', '2014-01-20 17:27:49.585271', 6, 4, 3);
INSERT INTO public.order_data VALUES (661, 67, 'Order 67 description 1', '2014-01-15 06:14:53.750946', 1, 1, 10);
INSERT INTO public.order_data VALUES (662, 67, 'Order 67 description 2', '2014-01-14 08:07:06.990462', 8, 5, 9);
INSERT INTO public.order_data VALUES (663, 67, 'Order 67 description 3', '2014-01-15 09:48:53.875701', 10, 6, 4);
INSERT INTO public.order_data VALUES (664, 67, 'Order 67 description 4', '2014-01-12 21:30:31.992269', 9, 7, 8);
INSERT INTO public.order_data VALUES (665, 67, 'Order 67 description 5', '2014-01-11 18:12:08.085533', 7, 3, 1);
INSERT INTO public.order_data VALUES (666, 67, 'Order 67 description 6', '2014-01-18 17:36:47.460391', 1, 10, 7);
INSERT INTO public.order_data VALUES (667, 67, 'Order 67 description 7', '2014-01-11 12:56:04.959255', 10, 10, 3);
INSERT INTO public.order_data VALUES (668, 67, 'Order 67 description 8', '2014-01-11 14:28:47.603497', 6, 10, 7);
INSERT INTO public.order_data VALUES (669, 67, 'Order 67 description 9', '2014-01-18 15:16:20.876109', 4, 4, 10);
INSERT INTO public.order_data VALUES (670, 67, 'Order 67 description 10', '2014-01-16 14:58:46.950058', 5, 4, 9);
INSERT INTO public.order_data VALUES (671, 68, 'Order 68 description 1', '2014-01-18 19:34:34.342968', 7, 2, 4);
INSERT INTO public.order_data VALUES (672, 68, 'Order 68 description 2', '2014-01-18 16:10:56.467941', 3, 6, 5);
INSERT INTO public.order_data VALUES (673, 68, 'Order 68 description 3', '2014-01-20 10:43:20.190733', 1, 8, 2);
INSERT INTO public.order_data VALUES (674, 68, 'Order 68 description 4', '2014-01-18 16:34:05.880066', 4, 3, 1);
INSERT INTO public.order_data VALUES (675, 68, 'Order 68 description 5', '2014-01-15 22:15:54.181198', 3, 6, 10);
INSERT INTO public.order_data VALUES (676, 68, 'Order 68 description 6', '2014-01-16 15:26:04.024178', 5, 2, 3);
INSERT INTO public.order_data VALUES (677, 68, 'Order 68 description 7', '2014-01-20 10:50:35.968464', 5, 3, 7);
INSERT INTO public.order_data VALUES (678, 68, 'Order 68 description 8', '2014-01-18 00:42:23.793102', 7, 7, 10);
INSERT INTO public.order_data VALUES (679, 68, 'Order 68 description 9', '2014-01-20 23:44:05.148938', 10, 6, 2);
INSERT INTO public.order_data VALUES (680, 68, 'Order 68 description 10', '2014-01-17 10:07:25.828728', 7, 7, 5);
INSERT INTO public.order_data VALUES (681, 69, 'Order 69 description 1', '2014-01-12 02:00:24.926175', 6, 7, 7);
INSERT INTO public.order_data VALUES (682, 69, 'Order 69 description 2', '2014-01-16 10:06:56.205596', 9, 10, 3);
INSERT INTO public.order_data VALUES (683, 69, 'Order 69 description 3', '2014-01-13 11:38:37.509596', 2, 5, 4);
INSERT INTO public.order_data VALUES (684, 69, 'Order 69 description 4', '2014-01-18 21:15:43.974119', 4, 1, 4);
INSERT INTO public.order_data VALUES (685, 69, 'Order 69 description 5', '2014-01-16 03:51:15.852436', 4, 10, 9);
INSERT INTO public.order_data VALUES (686, 69, 'Order 69 description 6', '2014-01-12 07:50:30.26378', 9, 6, 5);
INSERT INTO public.order_data VALUES (687, 69, 'Order 69 description 7', '2014-01-19 00:54:06.329529', 10, 7, 8);
INSERT INTO public.order_data VALUES (688, 69, 'Order 69 description 8', '2014-01-20 17:42:03.747154', 8, 10, 4);
INSERT INTO public.order_data VALUES (689, 69, 'Order 69 description 9', '2014-01-19 19:46:13.847063', 1, 7, 3);
INSERT INTO public.order_data VALUES (690, 69, 'Order 69 description 10', '2014-01-20 14:04:31.106093', 3, 1, 5);
INSERT INTO public.order_data VALUES (691, 70, 'Order 70 description 1', '2014-01-11 20:24:23.346467', 8, 4, 8);
INSERT INTO public.order_data VALUES (692, 70, 'Order 70 description 2', '2014-01-18 06:04:57.476569', 9, 10, 5);
INSERT INTO public.order_data VALUES (693, 70, 'Order 70 description 3', '2014-01-13 19:05:26.179267', 8, 3, 10);
INSERT INTO public.order_data VALUES (694, 70, 'Order 70 description 4', '2014-01-17 03:22:35.270801', 1, 6, 4);
INSERT INTO public.order_data VALUES (695, 70, 'Order 70 description 5', '2014-01-18 22:21:48.205544', 9, 7, 10);
INSERT INTO public.order_data VALUES (696, 70, 'Order 70 description 6', '2014-01-16 13:31:53.540904', 4, 4, 2);
INSERT INTO public.order_data VALUES (697, 70, 'Order 70 description 7', '2014-01-21 01:04:30.296405', 7, 1, 10);
INSERT INTO public.order_data VALUES (698, 70, 'Order 70 description 8', '2014-01-17 06:38:20.817261', 1, 9, 1);
INSERT INTO public.order_data VALUES (699, 70, 'Order 70 description 9', '2014-01-14 15:02:15.14866', 4, 4, 5);
INSERT INTO public.order_data VALUES (700, 70, 'Order 70 description 10', '2014-01-19 00:51:27.208088', 2, 4, 4);
INSERT INTO public.order_data VALUES (701, 71, 'Order 71 description 1', '2014-01-17 11:48:24.696202', 3, 10, 6);
INSERT INTO public.order_data VALUES (702, 71, 'Order 71 description 2', '2014-01-17 08:43:24.966409', 2, 10, 4);
INSERT INTO public.order_data VALUES (703, 71, 'Order 71 description 3', '2014-01-11 09:33:04.136691', 2, 4, 10);
INSERT INTO public.order_data VALUES (704, 71, 'Order 71 description 4', '2014-01-19 16:18:37.905526', 2, 6, 3);
INSERT INTO public.order_data VALUES (705, 71, 'Order 71 description 5', '2014-01-14 11:17:05.420075', 10, 6, 7);
INSERT INTO public.order_data VALUES (706, 71, 'Order 71 description 6', '2014-01-18 17:23:48.800019', 4, 9, 3);
INSERT INTO public.order_data VALUES (707, 71, 'Order 71 description 7', '2014-01-15 07:33:17.569728', 3, 6, 3);
INSERT INTO public.order_data VALUES (708, 71, 'Order 71 description 8', '2014-01-15 18:00:16.173949', 6, 8, 10);
INSERT INTO public.order_data VALUES (709, 71, 'Order 71 description 9', '2014-01-19 00:42:27.282379', 2, 10, 7);
INSERT INTO public.order_data VALUES (710, 71, 'Order 71 description 10', '2014-01-12 11:09:01.692202', 6, 10, 3);
INSERT INTO public.order_data VALUES (711, 72, 'Order 72 description 1', '2014-01-11 14:45:21.104098', 1, 4, 8);
INSERT INTO public.order_data VALUES (712, 72, 'Order 72 description 2', '2014-01-17 03:28:10.897128', 7, 3, 9);
INSERT INTO public.order_data VALUES (713, 72, 'Order 72 description 3', '2014-01-17 06:43:43.673004', 6, 6, 1);
INSERT INTO public.order_data VALUES (714, 72, 'Order 72 description 4', '2014-01-17 13:09:14.204987', 6, 3, 2);
INSERT INTO public.order_data VALUES (715, 72, 'Order 72 description 5', '2014-01-16 11:20:46.833229', 2, 9, 9);
INSERT INTO public.order_data VALUES (716, 72, 'Order 72 description 6', '2014-01-11 03:23:02.434411', 6, 10, 2);
INSERT INTO public.order_data VALUES (717, 72, 'Order 72 description 7', '2014-01-14 16:19:28.279532', 4, 3, 10);
INSERT INTO public.order_data VALUES (718, 72, 'Order 72 description 8', '2014-01-15 03:30:07.101337', 7, 7, 7);
INSERT INTO public.order_data VALUES (719, 72, 'Order 72 description 9', '2014-01-13 11:51:51.243888', 5, 9, 4);
INSERT INTO public.order_data VALUES (720, 72, 'Order 72 description 10', '2014-01-18 06:43:44.528009', 5, 10, 8);
INSERT INTO public.order_data VALUES (721, 73, 'Order 73 description 1', '2014-01-15 11:37:54.900201', 3, 1, 10);
INSERT INTO public.order_data VALUES (722, 73, 'Order 73 description 2', '2014-01-20 17:39:36.580681', 4, 2, 10);
INSERT INTO public.order_data VALUES (723, 73, 'Order 73 description 3', '2014-01-21 05:38:27.489914', 9, 5, 10);
INSERT INTO public.order_data VALUES (724, 73, 'Order 73 description 4', '2014-01-21 03:25:54.840083', 3, 4, 9);
INSERT INTO public.order_data VALUES (725, 73, 'Order 73 description 5', '2014-01-11 02:37:03.882146', 3, 6, 1);
INSERT INTO public.order_data VALUES (726, 73, 'Order 73 description 6', '2014-01-15 23:48:34.553908', 8, 10, 9);
INSERT INTO public.order_data VALUES (727, 73, 'Order 73 description 7', '2014-01-20 07:25:55.467255', 8, 4, 4);
INSERT INTO public.order_data VALUES (728, 73, 'Order 73 description 8', '2014-01-18 07:59:21.948331', 4, 1, 3);
INSERT INTO public.order_data VALUES (729, 73, 'Order 73 description 9', '2014-01-21 01:40:24.694317', 5, 4, 4);
INSERT INTO public.order_data VALUES (730, 73, 'Order 73 description 10', '2014-01-14 15:11:09.924098', 10, 5, 6);
INSERT INTO public.order_data VALUES (731, 74, 'Order 74 description 1', '2014-01-18 19:17:43.972233', 1, 9, 6);
INSERT INTO public.order_data VALUES (732, 74, 'Order 74 description 2', '2014-01-14 04:26:20.591484', 6, 2, 1);
INSERT INTO public.order_data VALUES (733, 74, 'Order 74 description 3', '2014-01-17 12:11:22.68747', 8, 5, 9);
INSERT INTO public.order_data VALUES (734, 74, 'Order 74 description 4', '2014-01-16 00:01:35.882253', 10, 10, 10);
INSERT INTO public.order_data VALUES (735, 74, 'Order 74 description 5', '2014-01-14 14:30:55.88364', 3, 6, 4);
INSERT INTO public.order_data VALUES (736, 74, 'Order 74 description 6', '2014-01-17 16:07:34.127134', 9, 7, 10);
INSERT INTO public.order_data VALUES (737, 74, 'Order 74 description 7', '2014-01-20 20:48:24.362464', 5, 3, 7);
INSERT INTO public.order_data VALUES (738, 74, 'Order 74 description 8', '2014-01-19 20:20:15.231499', 1, 10, 9);
INSERT INTO public.order_data VALUES (739, 74, 'Order 74 description 9', '2014-01-12 01:51:52.096549', 4, 8, 3);
INSERT INTO public.order_data VALUES (740, 74, 'Order 74 description 10', '2014-01-17 10:11:52.872798', 8, 5, 10);
INSERT INTO public.order_data VALUES (741, 75, 'Order 75 description 1', '2014-01-12 21:18:59.008987', 3, 3, 5);
INSERT INTO public.order_data VALUES (742, 75, 'Order 75 description 2', '2014-01-14 14:58:40.649393', 6, 1, 6);
INSERT INTO public.order_data VALUES (743, 75, 'Order 75 description 3', '2014-01-18 01:17:31.119776', 4, 4, 8);
INSERT INTO public.order_data VALUES (744, 75, 'Order 75 description 4', '2014-01-15 03:41:53.3884', 5, 2, 3);
INSERT INTO public.order_data VALUES (745, 75, 'Order 75 description 5', '2014-01-13 15:55:45.690097', 8, 10, 7);
INSERT INTO public.order_data VALUES (746, 75, 'Order 75 description 6', '2014-01-20 22:49:37.282367', 3, 6, 8);
INSERT INTO public.order_data VALUES (747, 75, 'Order 75 description 7', '2014-01-18 19:05:39.580014', 1, 8, 3);
INSERT INTO public.order_data VALUES (748, 75, 'Order 75 description 8', '2014-01-12 17:51:51.17102', 7, 6, 9);
INSERT INTO public.order_data VALUES (749, 75, 'Order 75 description 9', '2014-01-17 17:37:40.243573', 6, 6, 4);
INSERT INTO public.order_data VALUES (750, 75, 'Order 75 description 10', '2014-01-17 19:43:57.622641', 7, 1, 8);
INSERT INTO public.order_data VALUES (751, 76, 'Order 76 description 1', '2014-01-20 17:04:07.418089', 9, 10, 4);
INSERT INTO public.order_data VALUES (752, 76, 'Order 76 description 2', '2014-01-18 19:50:35.32291', 7, 7, 6);
INSERT INTO public.order_data VALUES (753, 76, 'Order 76 description 3', '2014-01-17 09:44:20.972539', 3, 9, 2);
INSERT INTO public.order_data VALUES (754, 76, 'Order 76 description 4', '2014-01-20 20:26:38.805913', 5, 4, 3);
INSERT INTO public.order_data VALUES (755, 76, 'Order 76 description 5', '2014-01-13 10:32:55.623228', 7, 9, 1);
INSERT INTO public.order_data VALUES (756, 76, 'Order 76 description 6', '2014-01-15 15:47:42.367458', 4, 9, 9);
INSERT INTO public.order_data VALUES (757, 76, 'Order 76 description 7', '2014-01-15 09:10:58.939167', 6, 5, 1);
INSERT INTO public.order_data VALUES (758, 76, 'Order 76 description 8', '2014-01-20 03:28:09.380203', 2, 8, 4);
INSERT INTO public.order_data VALUES (759, 76, 'Order 76 description 9', '2014-01-18 03:45:28.427156', 5, 7, 8);
INSERT INTO public.order_data VALUES (760, 76, 'Order 76 description 10', '2014-01-18 07:03:10.579321', 5, 2, 9);
INSERT INTO public.order_data VALUES (761, 77, 'Order 77 description 1', '2014-01-11 16:12:45.217791', 3, 9, 2);
INSERT INTO public.order_data VALUES (762, 77, 'Order 77 description 2', '2014-01-19 01:57:25.767388', 3, 5, 5);
INSERT INTO public.order_data VALUES (763, 77, 'Order 77 description 3', '2014-01-17 10:34:15.133988', 1, 10, 6);
INSERT INTO public.order_data VALUES (764, 77, 'Order 77 description 4', '2014-01-13 19:43:05.915452', 8, 4, 5);
INSERT INTO public.order_data VALUES (765, 77, 'Order 77 description 5', '2014-01-11 13:59:09.019174', 5, 2, 5);
INSERT INTO public.order_data VALUES (766, 77, 'Order 77 description 6', '2014-01-20 07:14:34.22345', 7, 8, 9);
INSERT INTO public.order_data VALUES (767, 77, 'Order 77 description 7', '2014-01-21 03:39:53.225443', 7, 3, 4);
INSERT INTO public.order_data VALUES (768, 77, 'Order 77 description 8', '2014-01-11 04:14:22.924511', 4, 2, 8);
INSERT INTO public.order_data VALUES (769, 77, 'Order 77 description 9', '2014-01-13 22:45:56.04048', 3, 4, 8);
INSERT INTO public.order_data VALUES (770, 77, 'Order 77 description 10', '2014-01-20 11:45:18.293801', 8, 1, 5);
INSERT INTO public.order_data VALUES (771, 78, 'Order 78 description 1', '2014-01-15 03:51:46.72045', 3, 7, 3);
INSERT INTO public.order_data VALUES (772, 78, 'Order 78 description 2', '2014-01-13 00:54:51.300448', 6, 7, 10);
INSERT INTO public.order_data VALUES (773, 78, 'Order 78 description 3', '2014-01-12 03:33:28.830071', 2, 8, 4);
INSERT INTO public.order_data VALUES (774, 78, 'Order 78 description 4', '2014-01-18 14:47:45.733015', 4, 10, 2);
INSERT INTO public.order_data VALUES (775, 78, 'Order 78 description 5', '2014-01-18 01:19:27.109931', 10, 9, 7);
INSERT INTO public.order_data VALUES (776, 78, 'Order 78 description 6', '2014-01-15 03:42:40.378427', 10, 4, 4);
INSERT INTO public.order_data VALUES (777, 78, 'Order 78 description 7', '2014-01-17 13:25:49.944343', 4, 9, 9);
INSERT INTO public.order_data VALUES (778, 78, 'Order 78 description 8', '2014-01-18 16:41:08.365657', 9, 10, 9);
INSERT INTO public.order_data VALUES (779, 78, 'Order 78 description 9', '2014-01-19 19:15:32.98627', 9, 1, 2);
INSERT INTO public.order_data VALUES (780, 78, 'Order 78 description 10', '2014-01-18 13:05:14.26337', 3, 2, 8);
INSERT INTO public.order_data VALUES (781, 79, 'Order 79 description 1', '2014-01-20 22:57:27.309373', 5, 1, 6);
INSERT INTO public.order_data VALUES (782, 79, 'Order 79 description 2', '2014-01-19 09:40:37.407675', 5, 1, 10);
INSERT INTO public.order_data VALUES (783, 79, 'Order 79 description 3', '2014-01-14 23:12:58.633858', 10, 9, 10);
INSERT INTO public.order_data VALUES (784, 79, 'Order 79 description 4', '2014-01-12 12:01:24.579178', 1, 3, 2);
INSERT INTO public.order_data VALUES (785, 79, 'Order 79 description 5', '2014-01-17 20:09:44.581691', 3, 4, 8);
INSERT INTO public.order_data VALUES (786, 79, 'Order 79 description 6', '2014-01-12 11:22:55.212473', 8, 7, 8);
INSERT INTO public.order_data VALUES (787, 79, 'Order 79 description 7', '2014-01-15 23:00:39.411064', 3, 6, 1);
INSERT INTO public.order_data VALUES (788, 79, 'Order 79 description 8', '2014-01-13 21:21:14.687742', 5, 3, 6);
INSERT INTO public.order_data VALUES (789, 79, 'Order 79 description 9', '2014-01-11 02:40:14.108904', 9, 3, 6);
INSERT INTO public.order_data VALUES (790, 79, 'Order 79 description 10', '2014-01-18 19:55:12.142118', 5, 7, 4);
INSERT INTO public.order_data VALUES (791, 80, 'Order 80 description 1', '2014-01-16 01:35:05.813777', 6, 8, 8);
INSERT INTO public.order_data VALUES (792, 80, 'Order 80 description 2', '2014-01-15 13:29:54.505641', 1, 3, 9);
INSERT INTO public.order_data VALUES (793, 80, 'Order 80 description 3', '2014-01-12 02:11:29.816709', 2, 1, 9);
INSERT INTO public.order_data VALUES (794, 80, 'Order 80 description 4', '2014-01-11 22:21:26.911406', 9, 5, 8);
INSERT INTO public.order_data VALUES (795, 80, 'Order 80 description 5', '2014-01-20 23:00:40.236552', 6, 6, 5);
INSERT INTO public.order_data VALUES (796, 80, 'Order 80 description 6', '2014-01-18 23:16:27.000553', 4, 10, 5);
INSERT INTO public.order_data VALUES (797, 80, 'Order 80 description 7', '2014-01-18 04:18:44.762974', 10, 5, 2);
INSERT INTO public.order_data VALUES (798, 80, 'Order 80 description 8', '2014-01-16 20:36:26.130703', 10, 2, 7);
INSERT INTO public.order_data VALUES (799, 80, 'Order 80 description 9', '2014-01-20 10:52:01.519798', 9, 1, 6);
INSERT INTO public.order_data VALUES (800, 80, 'Order 80 description 10', '2014-01-16 08:35:13.549423', 8, 10, 4);
INSERT INTO public.order_data VALUES (801, 81, 'Order 81 description 1', '2014-01-15 10:18:07.517549', 9, 6, 3);
INSERT INTO public.order_data VALUES (802, 81, 'Order 81 description 2', '2014-01-15 02:23:10.627419', 3, 1, 8);
INSERT INTO public.order_data VALUES (803, 81, 'Order 81 description 3', '2014-01-16 11:00:49.598857', 4, 9, 8);
INSERT INTO public.order_data VALUES (804, 81, 'Order 81 description 4', '2014-01-16 01:44:59.54523', 8, 10, 8);
INSERT INTO public.order_data VALUES (805, 81, 'Order 81 description 5', '2014-01-11 12:15:18.845609', 7, 7, 6);
INSERT INTO public.order_data VALUES (806, 81, 'Order 81 description 6', '2014-01-15 04:38:44.125001', 1, 4, 4);
INSERT INTO public.order_data VALUES (807, 81, 'Order 81 description 7', '2014-01-15 08:11:05.397789', 7, 8, 4);
INSERT INTO public.order_data VALUES (808, 81, 'Order 81 description 8', '2014-01-16 02:24:53.548406', 9, 7, 6);
INSERT INTO public.order_data VALUES (809, 81, 'Order 81 description 9', '2014-01-11 10:10:36.790161', 10, 6, 2);
INSERT INTO public.order_data VALUES (810, 81, 'Order 81 description 10', '2014-01-20 16:52:40.962601', 4, 1, 9);
INSERT INTO public.order_data VALUES (811, 82, 'Order 82 description 1', '2014-01-18 12:20:46.32788', 8, 4, 1);
INSERT INTO public.order_data VALUES (812, 82, 'Order 82 description 2', '2014-01-11 12:07:00.583471', 7, 6, 10);
INSERT INTO public.order_data VALUES (813, 82, 'Order 82 description 3', '2014-01-19 12:14:16.552618', 2, 8, 9);
INSERT INTO public.order_data VALUES (814, 82, 'Order 82 description 4', '2014-01-19 00:17:06.51913', 10, 3, 1);
INSERT INTO public.order_data VALUES (815, 82, 'Order 82 description 5', '2014-01-18 13:04:17.593989', 2, 6, 6);
INSERT INTO public.order_data VALUES (816, 82, 'Order 82 description 6', '2014-01-17 16:56:54.735481', 2, 5, 2);
INSERT INTO public.order_data VALUES (817, 82, 'Order 82 description 7', '2014-01-16 08:39:26.295114', 10, 4, 4);
INSERT INTO public.order_data VALUES (818, 82, 'Order 82 description 8', '2014-01-13 22:11:16.500671', 7, 8, 10);
INSERT INTO public.order_data VALUES (819, 82, 'Order 82 description 9', '2014-01-16 13:47:04.159834', 3, 4, 1);
INSERT INTO public.order_data VALUES (820, 82, 'Order 82 description 10', '2014-01-19 21:58:47.485956', 2, 8, 3);
INSERT INTO public.order_data VALUES (821, 83, 'Order 83 description 1', '2014-01-20 11:02:23.919169', 5, 4, 7);
INSERT INTO public.order_data VALUES (822, 83, 'Order 83 description 2', '2014-01-20 01:24:50.067582', 3, 10, 4);
INSERT INTO public.order_data VALUES (823, 83, 'Order 83 description 3', '2014-01-16 09:08:11.921559', 10, 4, 10);
INSERT INTO public.order_data VALUES (824, 83, 'Order 83 description 4', '2014-01-18 17:22:32.084964', 9, 9, 3);
INSERT INTO public.order_data VALUES (825, 83, 'Order 83 description 5', '2014-01-20 08:20:04.355827', 8, 4, 5);
INSERT INTO public.order_data VALUES (826, 83, 'Order 83 description 6', '2014-01-18 15:17:06.893288', 7, 10, 4);
INSERT INTO public.order_data VALUES (827, 83, 'Order 83 description 7', '2014-01-12 09:49:12.62713', 10, 6, 7);
INSERT INTO public.order_data VALUES (828, 83, 'Order 83 description 8', '2014-01-18 16:38:14.753382', 4, 1, 3);
INSERT INTO public.order_data VALUES (829, 83, 'Order 83 description 9', '2014-01-15 06:48:48.166004', 4, 8, 1);
INSERT INTO public.order_data VALUES (830, 83, 'Order 83 description 10', '2014-01-13 13:09:08.891408', 3, 3, 2);
INSERT INTO public.order_data VALUES (831, 84, 'Order 84 description 1', '2014-01-18 11:25:50.866018', 4, 7, 8);
INSERT INTO public.order_data VALUES (832, 84, 'Order 84 description 2', '2014-01-11 20:07:12.7265', 2, 4, 9);
INSERT INTO public.order_data VALUES (833, 84, 'Order 84 description 3', '2014-01-15 12:26:45.569902', 2, 6, 10);
INSERT INTO public.order_data VALUES (834, 84, 'Order 84 description 4', '2014-01-20 23:10:11.830711', 7, 9, 8);
INSERT INTO public.order_data VALUES (835, 84, 'Order 84 description 5', '2014-01-20 18:30:13.53791', 6, 6, 4);
INSERT INTO public.order_data VALUES (836, 84, 'Order 84 description 6', '2014-01-17 01:56:31.397006', 5, 5, 1);
INSERT INTO public.order_data VALUES (837, 84, 'Order 84 description 7', '2014-01-14 21:31:54.163092', 2, 1, 6);
INSERT INTO public.order_data VALUES (838, 84, 'Order 84 description 8', '2014-01-18 14:08:39.51334', 1, 1, 6);
INSERT INTO public.order_data VALUES (839, 84, 'Order 84 description 9', '2014-01-12 04:43:28.777295', 8, 2, 2);
INSERT INTO public.order_data VALUES (840, 84, 'Order 84 description 10', '2014-01-16 22:12:57.012746', 9, 6, 3);
INSERT INTO public.order_data VALUES (841, 85, 'Order 85 description 1', '2014-01-20 07:40:30.465947', 6, 1, 5);
INSERT INTO public.order_data VALUES (842, 85, 'Order 85 description 2', '2014-01-13 15:05:19.496295', 9, 2, 5);
INSERT INTO public.order_data VALUES (843, 85, 'Order 85 description 3', '2014-01-14 11:12:20.306872', 1, 2, 10);
INSERT INTO public.order_data VALUES (844, 85, 'Order 85 description 4', '2014-01-13 01:40:29.517045', 9, 4, 7);
INSERT INTO public.order_data VALUES (845, 85, 'Order 85 description 5', '2014-01-19 08:51:10.616969', 8, 5, 10);
INSERT INTO public.order_data VALUES (846, 85, 'Order 85 description 6', '2014-01-13 17:32:55.877003', 1, 7, 5);
INSERT INTO public.order_data VALUES (847, 85, 'Order 85 description 7', '2014-01-12 02:33:50.64529', 10, 3, 2);
INSERT INTO public.order_data VALUES (848, 85, 'Order 85 description 8', '2014-01-13 20:39:06.367638', 6, 3, 5);
INSERT INTO public.order_data VALUES (849, 85, 'Order 85 description 9', '2014-01-11 20:23:30.757397', 7, 1, 1);
INSERT INTO public.order_data VALUES (850, 85, 'Order 85 description 10', '2014-01-21 05:06:40.523831', 1, 4, 2);
INSERT INTO public.order_data VALUES (851, 86, 'Order 86 description 1', '2014-01-19 18:34:34.4518', 5, 5, 3);
INSERT INTO public.order_data VALUES (852, 86, 'Order 86 description 2', '2014-01-14 02:07:31.202336', 8, 8, 4);
INSERT INTO public.order_data VALUES (853, 86, 'Order 86 description 3', '2014-01-14 11:45:28.921596', 8, 10, 4);
INSERT INTO public.order_data VALUES (854, 86, 'Order 86 description 4', '2014-01-20 21:03:49.127782', 2, 2, 4);
INSERT INTO public.order_data VALUES (855, 86, 'Order 86 description 5', '2014-01-15 22:50:59.981609', 5, 8, 3);
INSERT INTO public.order_data VALUES (856, 86, 'Order 86 description 6', '2014-01-14 15:37:51.303253', 6, 3, 2);
INSERT INTO public.order_data VALUES (857, 86, 'Order 86 description 7', '2014-01-13 17:46:39.402281', 3, 5, 4);
INSERT INTO public.order_data VALUES (858, 86, 'Order 86 description 8', '2014-01-19 05:40:33.308828', 4, 3, 2);
INSERT INTO public.order_data VALUES (859, 86, 'Order 86 description 9', '2014-01-19 16:01:11.743539', 8, 5, 7);
INSERT INTO public.order_data VALUES (860, 86, 'Order 86 description 10', '2014-01-19 19:36:55.480664', 7, 4, 10);
INSERT INTO public.order_data VALUES (861, 87, 'Order 87 description 1', '2014-01-19 09:51:43.704558', 2, 8, 2);
INSERT INTO public.order_data VALUES (862, 87, 'Order 87 description 2', '2014-01-20 04:03:53.885056', 4, 3, 2);
INSERT INTO public.order_data VALUES (863, 87, 'Order 87 description 3', '2014-01-15 09:36:33.783561', 3, 2, 2);
INSERT INTO public.order_data VALUES (864, 87, 'Order 87 description 4', '2014-01-14 10:11:39.775471', 2, 9, 4);
INSERT INTO public.order_data VALUES (865, 87, 'Order 87 description 5', '2014-01-12 14:44:20.412021', 2, 7, 8);
INSERT INTO public.order_data VALUES (866, 87, 'Order 87 description 6', '2014-01-18 05:20:33.037293', 5, 8, 9);
INSERT INTO public.order_data VALUES (867, 87, 'Order 87 description 7', '2014-01-18 20:39:51.107771', 8, 6, 1);
INSERT INTO public.order_data VALUES (868, 87, 'Order 87 description 8', '2014-01-15 17:29:30.478225', 7, 3, 2);
INSERT INTO public.order_data VALUES (869, 87, 'Order 87 description 9', '2014-01-15 02:28:13.941907', 10, 8, 4);
INSERT INTO public.order_data VALUES (870, 87, 'Order 87 description 10', '2014-01-14 14:07:25.186843', 8, 9, 6);
INSERT INTO public.order_data VALUES (871, 88, 'Order 88 description 1', '2014-01-12 23:49:21.676175', 9, 2, 1);
INSERT INTO public.order_data VALUES (872, 88, 'Order 88 description 2', '2014-01-10 22:16:04.61532', 8, 7, 4);
INSERT INTO public.order_data VALUES (873, 88, 'Order 88 description 3', '2014-01-13 15:25:47.681429', 3, 8, 10);
INSERT INTO public.order_data VALUES (874, 88, 'Order 88 description 4', '2014-01-12 01:37:26.445147', 10, 2, 3);
INSERT INTO public.order_data VALUES (875, 88, 'Order 88 description 5', '2014-01-20 07:38:58.441864', 4, 3, 9);
INSERT INTO public.order_data VALUES (876, 88, 'Order 88 description 6', '2014-01-16 05:33:26.693822', 6, 1, 4);
INSERT INTO public.order_data VALUES (877, 88, 'Order 88 description 7', '2014-01-13 03:27:47.452314', 5, 9, 7);
INSERT INTO public.order_data VALUES (878, 88, 'Order 88 description 8', '2014-01-19 05:24:40.68569', 8, 6, 2);
INSERT INTO public.order_data VALUES (879, 88, 'Order 88 description 9', '2014-01-19 11:36:58.290093', 3, 6, 9);
INSERT INTO public.order_data VALUES (880, 88, 'Order 88 description 10', '2014-01-16 09:56:22.041847', 6, 9, 1);
INSERT INTO public.order_data VALUES (881, 89, 'Order 89 description 1', '2014-01-11 22:23:22.474109', 10, 2, 7);
INSERT INTO public.order_data VALUES (882, 89, 'Order 89 description 2', '2014-01-20 19:17:13.430152', 4, 2, 6);
INSERT INTO public.order_data VALUES (883, 89, 'Order 89 description 3', '2014-01-11 20:13:13.312547', 5, 8, 10);
INSERT INTO public.order_data VALUES (884, 89, 'Order 89 description 4', '2014-01-12 20:07:03.444676', 4, 5, 4);
INSERT INTO public.order_data VALUES (885, 89, 'Order 89 description 5', '2014-01-12 02:32:28.301947', 5, 4, 2);
INSERT INTO public.order_data VALUES (886, 89, 'Order 89 description 6', '2014-01-20 21:50:59.100183', 5, 2, 8);
INSERT INTO public.order_data VALUES (887, 89, 'Order 89 description 7', '2014-01-19 14:02:09.433628', 3, 7, 5);
INSERT INTO public.order_data VALUES (888, 89, 'Order 89 description 8', '2014-01-16 22:09:25.108129', 4, 10, 4);
INSERT INTO public.order_data VALUES (889, 89, 'Order 89 description 9', '2014-01-14 18:41:36.679575', 4, 6, 4);
INSERT INTO public.order_data VALUES (890, 89, 'Order 89 description 10', '2014-01-11 05:12:19.971099', 2, 2, 7);
INSERT INTO public.order_data VALUES (891, 90, 'Order 90 description 1', '2014-01-14 13:18:20.162205', 6, 10, 10);
INSERT INTO public.order_data VALUES (892, 90, 'Order 90 description 2', '2014-01-16 18:21:14.977051', 8, 5, 2);
INSERT INTO public.order_data VALUES (893, 90, 'Order 90 description 3', '2014-01-11 06:55:08.255357', 1, 4, 9);
INSERT INTO public.order_data VALUES (894, 90, 'Order 90 description 4', '2014-01-11 07:07:14.374022', 6, 3, 4);
INSERT INTO public.order_data VALUES (895, 90, 'Order 90 description 5', '2014-01-15 15:36:43.181069', 3, 3, 9);
INSERT INTO public.order_data VALUES (896, 90, 'Order 90 description 6', '2014-01-18 17:02:47.286217', 7, 2, 9);
INSERT INTO public.order_data VALUES (897, 90, 'Order 90 description 7', '2014-01-17 02:45:49.465896', 9, 3, 9);
INSERT INTO public.order_data VALUES (898, 90, 'Order 90 description 8', '2014-01-18 23:54:33.738082', 5, 2, 9);
INSERT INTO public.order_data VALUES (899, 90, 'Order 90 description 9', '2014-01-12 09:20:35.269623', 4, 5, 4);
INSERT INTO public.order_data VALUES (900, 90, 'Order 90 description 10', '2014-01-19 11:14:37.416745', 3, 2, 6);
INSERT INTO public.order_data VALUES (901, 91, 'Order 91 description 1', '2014-01-16 21:45:28.897602', 9, 2, 2);
INSERT INTO public.order_data VALUES (902, 91, 'Order 91 description 2', '2014-01-15 07:36:37.763164', 6, 7, 9);
INSERT INTO public.order_data VALUES (903, 91, 'Order 91 description 3', '2014-01-15 20:14:55.593342', 6, 6, 7);
INSERT INTO public.order_data VALUES (904, 91, 'Order 91 description 4', '2014-01-13 17:32:55.52601', 4, 2, 7);
INSERT INTO public.order_data VALUES (905, 91, 'Order 91 description 5', '2014-01-15 01:51:05.66557', 7, 7, 1);
INSERT INTO public.order_data VALUES (906, 91, 'Order 91 description 6', '2014-01-12 00:27:06.741906', 2, 5, 3);
INSERT INTO public.order_data VALUES (907, 91, 'Order 91 description 7', '2014-01-10 21:03:32.880385', 4, 2, 3);
INSERT INTO public.order_data VALUES (908, 91, 'Order 91 description 8', '2014-01-19 18:37:17.500031', 2, 8, 10);
INSERT INTO public.order_data VALUES (909, 91, 'Order 91 description 9', '2014-01-15 20:55:17.152577', 7, 3, 10);
INSERT INTO public.order_data VALUES (910, 91, 'Order 91 description 10', '2014-01-17 22:29:15.860281', 1, 5, 9);
INSERT INTO public.order_data VALUES (911, 92, 'Order 92 description 1', '2014-01-13 19:08:55.392858', 1, 2, 1);
INSERT INTO public.order_data VALUES (912, 92, 'Order 92 description 2', '2014-01-20 00:39:35.624807', 3, 9, 8);
INSERT INTO public.order_data VALUES (913, 92, 'Order 92 description 3', '2014-01-16 07:49:53.629356', 1, 5, 7);
INSERT INTO public.order_data VALUES (914, 92, 'Order 92 description 4', '2014-01-19 17:40:45.573552', 2, 3, 6);
INSERT INTO public.order_data VALUES (915, 92, 'Order 92 description 5', '2014-01-13 13:03:34.764202', 10, 8, 5);
INSERT INTO public.order_data VALUES (916, 92, 'Order 92 description 6', '2014-01-16 16:25:02.011674', 9, 10, 2);
INSERT INTO public.order_data VALUES (917, 92, 'Order 92 description 7', '2014-01-19 07:03:23.334091', 8, 5, 8);
INSERT INTO public.order_data VALUES (918, 92, 'Order 92 description 8', '2014-01-15 13:17:56.005315', 5, 8, 8);
INSERT INTO public.order_data VALUES (919, 92, 'Order 92 description 9', '2014-01-12 03:45:51.231291', 7, 8, 10);
INSERT INTO public.order_data VALUES (920, 92, 'Order 92 description 10', '2014-01-21 04:48:31.717926', 3, 4, 4);
INSERT INTO public.order_data VALUES (921, 93, 'Order 93 description 1', '2014-01-19 22:20:13.348268', 7, 6, 8);
INSERT INTO public.order_data VALUES (922, 93, 'Order 93 description 2', '2014-01-10 22:04:10.582622', 6, 6, 9);
INSERT INTO public.order_data VALUES (923, 93, 'Order 93 description 3', '2014-01-14 17:27:31.537604', 2, 8, 1);
INSERT INTO public.order_data VALUES (924, 93, 'Order 93 description 4', '2014-01-11 16:05:50.285598', 9, 7, 7);
INSERT INTO public.order_data VALUES (925, 93, 'Order 93 description 5', '2014-01-13 10:41:22.452107', 1, 2, 5);
INSERT INTO public.order_data VALUES (926, 93, 'Order 93 description 6', '2014-01-13 19:25:57.624304', 1, 7, 2);
INSERT INTO public.order_data VALUES (927, 93, 'Order 93 description 7', '2014-01-20 18:45:55.627255', 9, 10, 8);
INSERT INTO public.order_data VALUES (928, 93, 'Order 93 description 8', '2014-01-19 23:32:11.01843', 8, 5, 9);
INSERT INTO public.order_data VALUES (929, 93, 'Order 93 description 9', '2014-01-17 23:32:52.638439', 4, 5, 5);
INSERT INTO public.order_data VALUES (930, 93, 'Order 93 description 10', '2014-01-13 00:42:13.976615', 3, 4, 8);
INSERT INTO public.order_data VALUES (931, 94, 'Order 94 description 1', '2014-01-16 09:21:01.210272', 6, 3, 1);
INSERT INTO public.order_data VALUES (932, 94, 'Order 94 description 2', '2014-01-14 14:35:06.701159', 1, 10, 2);
INSERT INTO public.order_data VALUES (933, 94, 'Order 94 description 3', '2014-01-21 02:34:45.155368', 5, 6, 3);
INSERT INTO public.order_data VALUES (934, 94, 'Order 94 description 4', '2014-01-16 18:30:14.497782', 1, 7, 5);
INSERT INTO public.order_data VALUES (935, 94, 'Order 94 description 5', '2014-01-20 04:13:59.25235', 2, 7, 2);
INSERT INTO public.order_data VALUES (936, 94, 'Order 94 description 6', '2014-01-16 21:59:35.249089', 6, 5, 5);
INSERT INTO public.order_data VALUES (937, 94, 'Order 94 description 7', '2014-01-12 15:06:43.208219', 3, 3, 9);
INSERT INTO public.order_data VALUES (938, 94, 'Order 94 description 8', '2014-01-14 00:04:26.38599', 1, 9, 4);
INSERT INTO public.order_data VALUES (939, 94, 'Order 94 description 9', '2014-01-15 21:36:13.514214', 8, 4, 9);
INSERT INTO public.order_data VALUES (940, 94, 'Order 94 description 10', '2014-01-18 06:42:28.686184', 5, 2, 6);
INSERT INTO public.order_data VALUES (941, 95, 'Order 95 description 1', '2014-01-17 03:50:31.459959', 2, 7, 9);
INSERT INTO public.order_data VALUES (942, 95, 'Order 95 description 2', '2014-01-12 23:42:33.595023', 2, 6, 6);
INSERT INTO public.order_data VALUES (943, 95, 'Order 95 description 3', '2014-01-20 07:18:04.15063', 9, 4, 8);
INSERT INTO public.order_data VALUES (944, 95, 'Order 95 description 4', '2014-01-15 07:59:06.279927', 4, 4, 3);
INSERT INTO public.order_data VALUES (945, 95, 'Order 95 description 5', '2014-01-12 04:56:09.857331', 8, 2, 6);
INSERT INTO public.order_data VALUES (946, 95, 'Order 95 description 6', '2014-01-13 15:26:15.733081', 8, 2, 8);
INSERT INTO public.order_data VALUES (947, 95, 'Order 95 description 7', '2014-01-12 17:36:16.135279', 9, 2, 4);
INSERT INTO public.order_data VALUES (948, 95, 'Order 95 description 8', '2014-01-11 07:28:35.888439', 5, 3, 5);
INSERT INTO public.order_data VALUES (949, 95, 'Order 95 description 9', '2014-01-11 09:02:06.72789', 4, 10, 8);
INSERT INTO public.order_data VALUES (950, 95, 'Order 95 description 10', '2014-01-15 22:33:06.686751', 5, 3, 4);
INSERT INTO public.order_data VALUES (951, 96, 'Order 96 description 1', '2014-01-18 18:17:00.932795', 9, 2, 8);
INSERT INTO public.order_data VALUES (952, 96, 'Order 96 description 2', '2014-01-20 07:44:07.259444', 8, 8, 6);
INSERT INTO public.order_data VALUES (953, 96, 'Order 96 description 3', '2014-01-19 09:13:02.951239', 6, 1, 10);
INSERT INTO public.order_data VALUES (954, 96, 'Order 96 description 4', '2014-01-19 16:36:13.610371', 9, 4, 2);
INSERT INTO public.order_data VALUES (955, 96, 'Order 96 description 5', '2014-01-19 18:41:12.380735', 1, 3, 7);
INSERT INTO public.order_data VALUES (956, 96, 'Order 96 description 6', '2014-01-19 06:43:43.46066', 3, 6, 1);
INSERT INTO public.order_data VALUES (957, 96, 'Order 96 description 7', '2014-01-19 14:01:20.637656', 4, 3, 2);
INSERT INTO public.order_data VALUES (958, 96, 'Order 96 description 8', '2014-01-19 01:00:02.110822', 5, 5, 7);
INSERT INTO public.order_data VALUES (959, 96, 'Order 96 description 9', '2014-01-17 23:38:47.346605', 6, 2, 7);
INSERT INTO public.order_data VALUES (960, 96, 'Order 96 description 10', '2014-01-14 09:20:16.788684', 6, 5, 2);
INSERT INTO public.order_data VALUES (961, 97, 'Order 97 description 1', '2014-01-13 19:46:24.770228', 9, 8, 7);
INSERT INTO public.order_data VALUES (962, 97, 'Order 97 description 2', '2014-01-19 04:40:55.847373', 8, 5, 3);
INSERT INTO public.order_data VALUES (963, 97, 'Order 97 description 3', '2014-01-19 19:21:15.672038', 3, 3, 7);
INSERT INTO public.order_data VALUES (964, 97, 'Order 97 description 4', '2014-01-12 22:53:06.035511', 5, 4, 5);
INSERT INTO public.order_data VALUES (965, 97, 'Order 97 description 5', '2014-01-17 11:11:24.010024', 2, 4, 3);
INSERT INTO public.order_data VALUES (966, 97, 'Order 97 description 6', '2014-01-16 05:54:32.605577', 5, 6, 4);
INSERT INTO public.order_data VALUES (967, 97, 'Order 97 description 7', '2014-01-20 23:35:51.516298', 5, 4, 1);
INSERT INTO public.order_data VALUES (968, 97, 'Order 97 description 8', '2014-01-12 06:06:00.100703', 1, 8, 10);
INSERT INTO public.order_data VALUES (969, 97, 'Order 97 description 9', '2014-01-20 12:22:36.913783', 10, 6, 8);
INSERT INTO public.order_data VALUES (970, 97, 'Order 97 description 10', '2014-01-13 16:57:10.110177', 8, 9, 9);
INSERT INTO public.order_data VALUES (971, 98, 'Order 98 description 1', '2014-01-12 18:51:55.549241', 10, 10, 1);
INSERT INTO public.order_data VALUES (972, 98, 'Order 98 description 2', '2014-01-18 04:55:19.299063', 6, 9, 9);
INSERT INTO public.order_data VALUES (973, 98, 'Order 98 description 3', '2014-01-17 05:58:03.76494', 3, 3, 7);
INSERT INTO public.order_data VALUES (974, 98, 'Order 98 description 4', '2014-01-14 04:40:18.031379', 4, 9, 7);
INSERT INTO public.order_data VALUES (975, 98, 'Order 98 description 5', '2014-01-14 09:48:21.471302', 9, 2, 6);
INSERT INTO public.order_data VALUES (976, 98, 'Order 98 description 6', '2014-01-21 05:06:49.043756', 8, 1, 9);
INSERT INTO public.order_data VALUES (977, 98, 'Order 98 description 7', '2014-01-15 02:40:55.583966', 3, 8, 9);
INSERT INTO public.order_data VALUES (978, 98, 'Order 98 description 8', '2014-01-14 03:30:50.157042', 6, 6, 9);
INSERT INTO public.order_data VALUES (979, 98, 'Order 98 description 9', '2014-01-12 00:41:46.509681', 3, 2, 5);
INSERT INTO public.order_data VALUES (980, 98, 'Order 98 description 10', '2014-01-16 23:21:59.489094', 8, 7, 9);
INSERT INTO public.order_data VALUES (981, 99, 'Order 99 description 1', '2014-01-17 17:50:17.564751', 8, 8, 9);
INSERT INTO public.order_data VALUES (982, 99, 'Order 99 description 2', '2014-01-20 09:22:56.410153', 10, 6, 4);
INSERT INTO public.order_data VALUES (983, 99, 'Order 99 description 3', '2014-01-11 00:58:45.700568', 2, 1, 9);
INSERT INTO public.order_data VALUES (984, 99, 'Order 99 description 4', '2014-01-19 02:40:16.880438', 9, 10, 3);
INSERT INTO public.order_data VALUES (985, 99, 'Order 99 description 5', '2014-01-16 21:11:12.456129', 7, 4, 5);
INSERT INTO public.order_data VALUES (986, 99, 'Order 99 description 6', '2014-01-18 08:38:52.347011', 2, 10, 4);
INSERT INTO public.order_data VALUES (987, 99, 'Order 99 description 7', '2014-01-13 11:22:19.044071', 6, 2, 3);
INSERT INTO public.order_data VALUES (988, 99, 'Order 99 description 8', '2014-01-20 04:19:33.239638', 8, 2, 4);
INSERT INTO public.order_data VALUES (989, 99, 'Order 99 description 9', '2014-01-14 03:33:19.12788', 2, 6, 5);
INSERT INTO public.order_data VALUES (990, 99, 'Order 99 description 10', '2014-01-16 21:05:38.168456', 5, 1, 8);
INSERT INTO public.order_data VALUES (991, 100, 'Order 100 description 1', '2014-01-19 13:56:11.992991', 1, 9, 6);
INSERT INTO public.order_data VALUES (992, 100, 'Order 100 description 2', '2014-01-12 05:24:03.451702', 3, 8, 5);
INSERT INTO public.order_data VALUES (993, 100, 'Order 100 description 3', '2014-01-18 08:43:10.827475', 3, 9, 10);
INSERT INTO public.order_data VALUES (994, 100, 'Order 100 description 4', '2014-01-17 10:39:30.296241', 4, 6, 10);
INSERT INTO public.order_data VALUES (995, 100, 'Order 100 description 5', '2014-01-15 04:28:42.197092', 3, 3, 10);
INSERT INTO public.order_data VALUES (996, 100, 'Order 100 description 6', '2014-01-12 19:39:50.527585', 9, 2, 1);
INSERT INTO public.order_data VALUES (997, 100, 'Order 100 description 7', '2014-01-12 23:42:03.599857', 9, 5, 9);
INSERT INTO public.order_data VALUES (998, 100, 'Order 100 description 8', '2014-01-16 23:57:39.505528', 2, 5, 5);
INSERT INTO public.order_data VALUES (999, 100, 'Order 100 description 9', '2014-01-18 06:08:35.535834', 3, 1, 4);
INSERT INTO public.order_data VALUES (1000, 100, 'Order 100 description 10', '2014-01-16 04:05:17.476098', 2, 2, 2);


--
-- Data for Name: order_data_packages; Type: TABLE DATA; Schema: public; Owner: postgres
--

INSERT INTO public.order_data_packages VALUES (1, 10, 1);
INSERT INTO public.order_data_packages VALUES (2, 10, 2);
INSERT INTO public.order_data_packages VALUES (3, 10, 3);
INSERT INTO public.order_data_packages VALUES (4, 10, 4);
INSERT INTO public.order_data_packages VALUES (5, 10, 5);
INSERT INTO public.order_data_packages VALUES (6, 10, 6);
INSERT INTO public.order_data_packages VALUES (7, 10, 7);
INSERT INTO public.order_data_packages VALUES (8, 10, 8);
INSERT INTO public.order_data_packages VALUES (9, 10, 9);
INSERT INTO public.order_data_packages VALUES (10, 10, 10);
INSERT INTO public.order_data_packages VALUES (11, 20, 11);
INSERT INTO public.order_data_packages VALUES (12, 20, 12);
INSERT INTO public.order_data_packages VALUES (13, 20, 13);
INSERT INTO public.order_data_packages VALUES (14, 20, 14);
INSERT INTO public.order_data_packages VALUES (15, 20, 15);
INSERT INTO public.order_data_packages VALUES (16, 20, 16);
INSERT INTO public.order_data_packages VALUES (17, 20, 17);
INSERT INTO public.order_data_packages VALUES (18, 20, 18);
INSERT INTO public.order_data_packages VALUES (19, 20, 19);
INSERT INTO public.order_data_packages VALUES (20, 20, 20);
INSERT INTO public.order_data_packages VALUES (21, 30, 21);
INSERT INTO public.order_data_packages VALUES (22, 30, 22);
INSERT INTO public.order_data_packages VALUES (23, 30, 23);
INSERT INTO public.order_data_packages VALUES (24, 30, 24);
INSERT INTO public.order_data_packages VALUES (25, 30, 25);
INSERT INTO public.order_data_packages VALUES (26, 30, 26);
INSERT INTO public.order_data_packages VALUES (27, 30, 27);
INSERT INTO public.order_data_packages VALUES (28, 30, 28);
INSERT INTO public.order_data_packages VALUES (29, 30, 29);
INSERT INTO public.order_data_packages VALUES (30, 30, 30);
INSERT INTO public.order_data_packages VALUES (31, 40, 31);
INSERT INTO public.order_data_packages VALUES (32, 40, 32);
INSERT INTO public.order_data_packages VALUES (33, 40, 33);
INSERT INTO public.order_data_packages VALUES (34, 40, 34);
INSERT INTO public.order_data_packages VALUES (35, 40, 35);
INSERT INTO public.order_data_packages VALUES (36, 40, 36);
INSERT INTO public.order_data_packages VALUES (37, 40, 37);
INSERT INTO public.order_data_packages VALUES (38, 40, 38);
INSERT INTO public.order_data_packages VALUES (39, 40, 39);
INSERT INTO public.order_data_packages VALUES (40, 40, 40);
INSERT INTO public.order_data_packages VALUES (41, 50, 41);
INSERT INTO public.order_data_packages VALUES (42, 50, 42);
INSERT INTO public.order_data_packages VALUES (43, 50, 43);
INSERT INTO public.order_data_packages VALUES (44, 50, 44);
INSERT INTO public.order_data_packages VALUES (45, 50, 45);
INSERT INTO public.order_data_packages VALUES (46, 50, 46);
INSERT INTO public.order_data_packages VALUES (47, 50, 47);
INSERT INTO public.order_data_packages VALUES (48, 50, 48);
INSERT INTO public.order_data_packages VALUES (49, 50, 49);
INSERT INTO public.order_data_packages VALUES (50, 50, 50);
INSERT INTO public.order_data_packages VALUES (51, 60, 51);
INSERT INTO public.order_data_packages VALUES (52, 60, 52);
INSERT INTO public.order_data_packages VALUES (53, 60, 53);
INSERT INTO public.order_data_packages VALUES (54, 60, 54);
INSERT INTO public.order_data_packages VALUES (55, 60, 55);
INSERT INTO public.order_data_packages VALUES (56, 60, 56);
INSERT INTO public.order_data_packages VALUES (57, 60, 57);
INSERT INTO public.order_data_packages VALUES (58, 60, 58);
INSERT INTO public.order_data_packages VALUES (59, 60, 59);
INSERT INTO public.order_data_packages VALUES (60, 60, 60);
INSERT INTO public.order_data_packages VALUES (61, 70, 61);
INSERT INTO public.order_data_packages VALUES (62, 70, 62);
INSERT INTO public.order_data_packages VALUES (63, 70, 63);
INSERT INTO public.order_data_packages VALUES (64, 70, 64);
INSERT INTO public.order_data_packages VALUES (65, 70, 65);
INSERT INTO public.order_data_packages VALUES (66, 70, 66);
INSERT INTO public.order_data_packages VALUES (67, 70, 67);
INSERT INTO public.order_data_packages VALUES (68, 70, 68);
INSERT INTO public.order_data_packages VALUES (69, 70, 69);
INSERT INTO public.order_data_packages VALUES (70, 70, 70);
INSERT INTO public.order_data_packages VALUES (71, 80, 71);
INSERT INTO public.order_data_packages VALUES (72, 80, 72);
INSERT INTO public.order_data_packages VALUES (73, 80, 73);
INSERT INTO public.order_data_packages VALUES (74, 80, 74);
INSERT INTO public.order_data_packages VALUES (75, 80, 75);
INSERT INTO public.order_data_packages VALUES (76, 80, 76);
INSERT INTO public.order_data_packages VALUES (77, 80, 77);
INSERT INTO public.order_data_packages VALUES (78, 80, 78);
INSERT INTO public.order_data_packages VALUES (79, 80, 79);
INSERT INTO public.order_data_packages VALUES (80, 80, 80);
INSERT INTO public.order_data_packages VALUES (81, 90, 81);
INSERT INTO public.order_data_packages VALUES (82, 90, 82);
INSERT INTO public.order_data_packages VALUES (83, 90, 83);
INSERT INTO public.order_data_packages VALUES (84, 90, 84);
INSERT INTO public.order_data_packages VALUES (85, 90, 85);
INSERT INTO public.order_data_packages VALUES (86, 90, 86);
INSERT INTO public.order_data_packages VALUES (87, 90, 87);
INSERT INTO public.order_data_packages VALUES (88, 90, 88);
INSERT INTO public.order_data_packages VALUES (89, 90, 89);
INSERT INTO public.order_data_packages VALUES (90, 90, 90);
INSERT INTO public.order_data_packages VALUES (91, 100, 91);
INSERT INTO public.order_data_packages VALUES (92, 100, 92);
INSERT INTO public.order_data_packages VALUES (93, 100, 93);
INSERT INTO public.order_data_packages VALUES (94, 100, 94);
INSERT INTO public.order_data_packages VALUES (95, 100, 95);
INSERT INTO public.order_data_packages VALUES (96, 100, 96);
INSERT INTO public.order_data_packages VALUES (97, 100, 97);
INSERT INTO public.order_data_packages VALUES (98, 100, 98);
INSERT INTO public.order_data_packages VALUES (99, 100, 99);
INSERT INTO public.order_data_packages VALUES (100, 100, 100);
INSERT INTO public.order_data_packages VALUES (101, 110, 101);
INSERT INTO public.order_data_packages VALUES (102, 110, 102);
INSERT INTO public.order_data_packages VALUES (103, 110, 103);
INSERT INTO public.order_data_packages VALUES (104, 110, 104);
INSERT INTO public.order_data_packages VALUES (105, 110, 105);
INSERT INTO public.order_data_packages VALUES (106, 110, 106);
INSERT INTO public.order_data_packages VALUES (107, 110, 107);
INSERT INTO public.order_data_packages VALUES (108, 110, 108);
INSERT INTO public.order_data_packages VALUES (109, 110, 109);
INSERT INTO public.order_data_packages VALUES (110, 110, 110);
INSERT INTO public.order_data_packages VALUES (111, 120, 111);
INSERT INTO public.order_data_packages VALUES (112, 120, 112);
INSERT INTO public.order_data_packages VALUES (113, 120, 113);
INSERT INTO public.order_data_packages VALUES (114, 120, 114);
INSERT INTO public.order_data_packages VALUES (115, 120, 115);
INSERT INTO public.order_data_packages VALUES (116, 120, 116);
INSERT INTO public.order_data_packages VALUES (117, 120, 117);
INSERT INTO public.order_data_packages VALUES (118, 120, 118);
INSERT INTO public.order_data_packages VALUES (119, 120, 119);
INSERT INTO public.order_data_packages VALUES (120, 120, 120);
INSERT INTO public.order_data_packages VALUES (121, 130, 121);
INSERT INTO public.order_data_packages VALUES (122, 130, 122);
INSERT INTO public.order_data_packages VALUES (123, 130, 123);
INSERT INTO public.order_data_packages VALUES (124, 130, 124);
INSERT INTO public.order_data_packages VALUES (125, 130, 125);
INSERT INTO public.order_data_packages VALUES (126, 130, 126);
INSERT INTO public.order_data_packages VALUES (127, 130, 127);
INSERT INTO public.order_data_packages VALUES (128, 130, 128);
INSERT INTO public.order_data_packages VALUES (129, 130, 129);
INSERT INTO public.order_data_packages VALUES (130, 130, 130);
INSERT INTO public.order_data_packages VALUES (131, 140, 131);
INSERT INTO public.order_data_packages VALUES (132, 140, 132);
INSERT INTO public.order_data_packages VALUES (133, 140, 133);
INSERT INTO public.order_data_packages VALUES (134, 140, 134);
INSERT INTO public.order_data_packages VALUES (135, 140, 135);
INSERT INTO public.order_data_packages VALUES (136, 140, 136);
INSERT INTO public.order_data_packages VALUES (137, 140, 137);
INSERT INTO public.order_data_packages VALUES (138, 140, 138);
INSERT INTO public.order_data_packages VALUES (139, 140, 139);
INSERT INTO public.order_data_packages VALUES (140, 140, 140);
INSERT INTO public.order_data_packages VALUES (141, 150, 141);
INSERT INTO public.order_data_packages VALUES (142, 150, 142);
INSERT INTO public.order_data_packages VALUES (143, 150, 143);
INSERT INTO public.order_data_packages VALUES (144, 150, 144);
INSERT INTO public.order_data_packages VALUES (145, 150, 145);
INSERT INTO public.order_data_packages VALUES (146, 150, 146);
INSERT INTO public.order_data_packages VALUES (147, 150, 147);
INSERT INTO public.order_data_packages VALUES (148, 150, 148);
INSERT INTO public.order_data_packages VALUES (149, 150, 149);
INSERT INTO public.order_data_packages VALUES (150, 150, 150);
INSERT INTO public.order_data_packages VALUES (151, 160, 151);
INSERT INTO public.order_data_packages VALUES (152, 160, 152);
INSERT INTO public.order_data_packages VALUES (153, 160, 153);
INSERT INTO public.order_data_packages VALUES (154, 160, 154);
INSERT INTO public.order_data_packages VALUES (155, 160, 155);
INSERT INTO public.order_data_packages VALUES (156, 160, 156);
INSERT INTO public.order_data_packages VALUES (157, 160, 157);
INSERT INTO public.order_data_packages VALUES (158, 160, 158);
INSERT INTO public.order_data_packages VALUES (159, 160, 159);
INSERT INTO public.order_data_packages VALUES (160, 160, 160);
INSERT INTO public.order_data_packages VALUES (161, 170, 161);
INSERT INTO public.order_data_packages VALUES (162, 170, 162);
INSERT INTO public.order_data_packages VALUES (163, 170, 163);
INSERT INTO public.order_data_packages VALUES (164, 170, 164);
INSERT INTO public.order_data_packages VALUES (165, 170, 165);
INSERT INTO public.order_data_packages VALUES (166, 170, 166);
INSERT INTO public.order_data_packages VALUES (167, 170, 167);
INSERT INTO public.order_data_packages VALUES (168, 170, 168);
INSERT INTO public.order_data_packages VALUES (169, 170, 169);
INSERT INTO public.order_data_packages VALUES (170, 170, 170);
INSERT INTO public.order_data_packages VALUES (171, 180, 171);
INSERT INTO public.order_data_packages VALUES (172, 180, 172);
INSERT INTO public.order_data_packages VALUES (173, 180, 173);
INSERT INTO public.order_data_packages VALUES (174, 180, 174);
INSERT INTO public.order_data_packages VALUES (175, 180, 175);
INSERT INTO public.order_data_packages VALUES (176, 180, 176);
INSERT INTO public.order_data_packages VALUES (177, 180, 177);
INSERT INTO public.order_data_packages VALUES (178, 180, 178);
INSERT INTO public.order_data_packages VALUES (179, 180, 179);
INSERT INTO public.order_data_packages VALUES (180, 180, 180);
INSERT INTO public.order_data_packages VALUES (181, 190, 181);
INSERT INTO public.order_data_packages VALUES (182, 190, 182);
INSERT INTO public.order_data_packages VALUES (183, 190, 183);
INSERT INTO public.order_data_packages VALUES (184, 190, 184);
INSERT INTO public.order_data_packages VALUES (185, 190, 185);
INSERT INTO public.order_data_packages VALUES (186, 190, 186);
INSERT INTO public.order_data_packages VALUES (187, 190, 187);
INSERT INTO public.order_data_packages VALUES (188, 190, 188);
INSERT INTO public.order_data_packages VALUES (189, 190, 189);
INSERT INTO public.order_data_packages VALUES (190, 190, 190);
INSERT INTO public.order_data_packages VALUES (191, 200, 191);
INSERT INTO public.order_data_packages VALUES (192, 200, 192);
INSERT INTO public.order_data_packages VALUES (193, 200, 193);
INSERT INTO public.order_data_packages VALUES (194, 200, 194);
INSERT INTO public.order_data_packages VALUES (195, 200, 195);
INSERT INTO public.order_data_packages VALUES (196, 200, 196);
INSERT INTO public.order_data_packages VALUES (197, 200, 197);
INSERT INTO public.order_data_packages VALUES (198, 200, 198);
INSERT INTO public.order_data_packages VALUES (199, 200, 199);
INSERT INTO public.order_data_packages VALUES (200, 200, 200);
INSERT INTO public.order_data_packages VALUES (201, 210, 201);
INSERT INTO public.order_data_packages VALUES (202, 210, 202);
INSERT INTO public.order_data_packages VALUES (203, 210, 203);
INSERT INTO public.order_data_packages VALUES (204, 210, 204);
INSERT INTO public.order_data_packages VALUES (205, 210, 205);
INSERT INTO public.order_data_packages VALUES (206, 210, 206);
INSERT INTO public.order_data_packages VALUES (207, 210, 207);
INSERT INTO public.order_data_packages VALUES (208, 210, 208);
INSERT INTO public.order_data_packages VALUES (209, 210, 209);
INSERT INTO public.order_data_packages VALUES (210, 210, 210);
INSERT INTO public.order_data_packages VALUES (211, 220, 211);
INSERT INTO public.order_data_packages VALUES (212, 220, 212);
INSERT INTO public.order_data_packages VALUES (213, 220, 213);
INSERT INTO public.order_data_packages VALUES (214, 220, 214);
INSERT INTO public.order_data_packages VALUES (215, 220, 215);
INSERT INTO public.order_data_packages VALUES (216, 220, 216);
INSERT INTO public.order_data_packages VALUES (217, 220, 217);
INSERT INTO public.order_data_packages VALUES (218, 220, 218);
INSERT INTO public.order_data_packages VALUES (219, 220, 219);
INSERT INTO public.order_data_packages VALUES (220, 220, 220);
INSERT INTO public.order_data_packages VALUES (221, 230, 221);
INSERT INTO public.order_data_packages VALUES (222, 230, 222);
INSERT INTO public.order_data_packages VALUES (223, 230, 223);
INSERT INTO public.order_data_packages VALUES (224, 230, 224);
INSERT INTO public.order_data_packages VALUES (225, 230, 225);
INSERT INTO public.order_data_packages VALUES (226, 230, 226);
INSERT INTO public.order_data_packages VALUES (227, 230, 227);
INSERT INTO public.order_data_packages VALUES (228, 230, 228);
INSERT INTO public.order_data_packages VALUES (229, 230, 229);
INSERT INTO public.order_data_packages VALUES (230, 230, 230);
INSERT INTO public.order_data_packages VALUES (231, 240, 231);
INSERT INTO public.order_data_packages VALUES (232, 240, 232);
INSERT INTO public.order_data_packages VALUES (233, 240, 233);
INSERT INTO public.order_data_packages VALUES (234, 240, 234);
INSERT INTO public.order_data_packages VALUES (235, 240, 235);
INSERT INTO public.order_data_packages VALUES (236, 240, 236);
INSERT INTO public.order_data_packages VALUES (237, 240, 237);
INSERT INTO public.order_data_packages VALUES (238, 240, 238);
INSERT INTO public.order_data_packages VALUES (239, 240, 239);
INSERT INTO public.order_data_packages VALUES (240, 240, 240);
INSERT INTO public.order_data_packages VALUES (241, 250, 241);
INSERT INTO public.order_data_packages VALUES (242, 250, 242);
INSERT INTO public.order_data_packages VALUES (243, 250, 243);
INSERT INTO public.order_data_packages VALUES (244, 250, 244);
INSERT INTO public.order_data_packages VALUES (245, 250, 245);
INSERT INTO public.order_data_packages VALUES (246, 250, 246);
INSERT INTO public.order_data_packages VALUES (247, 250, 247);
INSERT INTO public.order_data_packages VALUES (248, 250, 248);
INSERT INTO public.order_data_packages VALUES (249, 250, 249);
INSERT INTO public.order_data_packages VALUES (250, 250, 250);
INSERT INTO public.order_data_packages VALUES (251, 260, 251);
INSERT INTO public.order_data_packages VALUES (252, 260, 252);
INSERT INTO public.order_data_packages VALUES (253, 260, 253);
INSERT INTO public.order_data_packages VALUES (254, 260, 254);
INSERT INTO public.order_data_packages VALUES (255, 260, 255);
INSERT INTO public.order_data_packages VALUES (256, 260, 256);
INSERT INTO public.order_data_packages VALUES (257, 260, 257);
INSERT INTO public.order_data_packages VALUES (258, 260, 258);
INSERT INTO public.order_data_packages VALUES (259, 260, 259);
INSERT INTO public.order_data_packages VALUES (260, 260, 260);
INSERT INTO public.order_data_packages VALUES (261, 270, 261);
INSERT INTO public.order_data_packages VALUES (262, 270, 262);
INSERT INTO public.order_data_packages VALUES (263, 270, 263);
INSERT INTO public.order_data_packages VALUES (264, 270, 264);
INSERT INTO public.order_data_packages VALUES (265, 270, 265);
INSERT INTO public.order_data_packages VALUES (266, 270, 266);
INSERT INTO public.order_data_packages VALUES (267, 270, 267);
INSERT INTO public.order_data_packages VALUES (268, 270, 268);
INSERT INTO public.order_data_packages VALUES (269, 270, 269);
INSERT INTO public.order_data_packages VALUES (270, 270, 270);
INSERT INTO public.order_data_packages VALUES (271, 280, 271);
INSERT INTO public.order_data_packages VALUES (272, 280, 272);
INSERT INTO public.order_data_packages VALUES (273, 280, 273);
INSERT INTO public.order_data_packages VALUES (274, 280, 274);
INSERT INTO public.order_data_packages VALUES (275, 280, 275);
INSERT INTO public.order_data_packages VALUES (276, 280, 276);
INSERT INTO public.order_data_packages VALUES (277, 280, 277);
INSERT INTO public.order_data_packages VALUES (278, 280, 278);
INSERT INTO public.order_data_packages VALUES (279, 280, 279);
INSERT INTO public.order_data_packages VALUES (280, 280, 280);
INSERT INTO public.order_data_packages VALUES (281, 290, 281);
INSERT INTO public.order_data_packages VALUES (282, 290, 282);
INSERT INTO public.order_data_packages VALUES (283, 290, 283);
INSERT INTO public.order_data_packages VALUES (284, 290, 284);
INSERT INTO public.order_data_packages VALUES (285, 290, 285);
INSERT INTO public.order_data_packages VALUES (286, 290, 286);
INSERT INTO public.order_data_packages VALUES (287, 290, 287);
INSERT INTO public.order_data_packages VALUES (288, 290, 288);
INSERT INTO public.order_data_packages VALUES (289, 290, 289);
INSERT INTO public.order_data_packages VALUES (290, 290, 290);
INSERT INTO public.order_data_packages VALUES (291, 300, 291);
INSERT INTO public.order_data_packages VALUES (292, 300, 292);
INSERT INTO public.order_data_packages VALUES (293, 300, 293);
INSERT INTO public.order_data_packages VALUES (294, 300, 294);
INSERT INTO public.order_data_packages VALUES (295, 300, 295);
INSERT INTO public.order_data_packages VALUES (296, 300, 296);
INSERT INTO public.order_data_packages VALUES (297, 300, 297);
INSERT INTO public.order_data_packages VALUES (298, 300, 298);
INSERT INTO public.order_data_packages VALUES (299, 300, 299);
INSERT INTO public.order_data_packages VALUES (300, 300, 300);
INSERT INTO public.order_data_packages VALUES (301, 310, 301);
INSERT INTO public.order_data_packages VALUES (302, 310, 302);
INSERT INTO public.order_data_packages VALUES (303, 310, 303);
INSERT INTO public.order_data_packages VALUES (304, 310, 304);
INSERT INTO public.order_data_packages VALUES (305, 310, 305);
INSERT INTO public.order_data_packages VALUES (306, 310, 306);
INSERT INTO public.order_data_packages VALUES (307, 310, 307);
INSERT INTO public.order_data_packages VALUES (308, 310, 308);
INSERT INTO public.order_data_packages VALUES (309, 310, 309);
INSERT INTO public.order_data_packages VALUES (310, 310, 310);
INSERT INTO public.order_data_packages VALUES (311, 320, 311);
INSERT INTO public.order_data_packages VALUES (312, 320, 312);
INSERT INTO public.order_data_packages VALUES (313, 320, 313);
INSERT INTO public.order_data_packages VALUES (314, 320, 314);
INSERT INTO public.order_data_packages VALUES (315, 320, 315);
INSERT INTO public.order_data_packages VALUES (316, 320, 316);
INSERT INTO public.order_data_packages VALUES (317, 320, 317);
INSERT INTO public.order_data_packages VALUES (318, 320, 318);
INSERT INTO public.order_data_packages VALUES (319, 320, 319);
INSERT INTO public.order_data_packages VALUES (320, 320, 320);
INSERT INTO public.order_data_packages VALUES (321, 330, 321);
INSERT INTO public.order_data_packages VALUES (322, 330, 322);
INSERT INTO public.order_data_packages VALUES (323, 330, 323);
INSERT INTO public.order_data_packages VALUES (324, 330, 324);
INSERT INTO public.order_data_packages VALUES (325, 330, 325);
INSERT INTO public.order_data_packages VALUES (326, 330, 326);
INSERT INTO public.order_data_packages VALUES (327, 330, 327);
INSERT INTO public.order_data_packages VALUES (328, 330, 328);
INSERT INTO public.order_data_packages VALUES (329, 330, 329);
INSERT INTO public.order_data_packages VALUES (330, 330, 330);
INSERT INTO public.order_data_packages VALUES (331, 340, 331);
INSERT INTO public.order_data_packages VALUES (332, 340, 332);
INSERT INTO public.order_data_packages VALUES (333, 340, 333);
INSERT INTO public.order_data_packages VALUES (334, 340, 334);
INSERT INTO public.order_data_packages VALUES (335, 340, 335);
INSERT INTO public.order_data_packages VALUES (336, 340, 336);
INSERT INTO public.order_data_packages VALUES (337, 340, 337);
INSERT INTO public.order_data_packages VALUES (338, 340, 338);
INSERT INTO public.order_data_packages VALUES (339, 340, 339);
INSERT INTO public.order_data_packages VALUES (340, 340, 340);
INSERT INTO public.order_data_packages VALUES (341, 350, 341);
INSERT INTO public.order_data_packages VALUES (342, 350, 342);
INSERT INTO public.order_data_packages VALUES (343, 350, 343);
INSERT INTO public.order_data_packages VALUES (344, 350, 344);
INSERT INTO public.order_data_packages VALUES (345, 350, 345);
INSERT INTO public.order_data_packages VALUES (346, 350, 346);
INSERT INTO public.order_data_packages VALUES (347, 350, 347);
INSERT INTO public.order_data_packages VALUES (348, 350, 348);
INSERT INTO public.order_data_packages VALUES (349, 350, 349);
INSERT INTO public.order_data_packages VALUES (350, 350, 350);
INSERT INTO public.order_data_packages VALUES (351, 360, 351);
INSERT INTO public.order_data_packages VALUES (352, 360, 352);
INSERT INTO public.order_data_packages VALUES (353, 360, 353);
INSERT INTO public.order_data_packages VALUES (354, 360, 354);
INSERT INTO public.order_data_packages VALUES (355, 360, 355);
INSERT INTO public.order_data_packages VALUES (356, 360, 356);
INSERT INTO public.order_data_packages VALUES (357, 360, 357);
INSERT INTO public.order_data_packages VALUES (358, 360, 358);
INSERT INTO public.order_data_packages VALUES (359, 360, 359);
INSERT INTO public.order_data_packages VALUES (360, 360, 360);
INSERT INTO public.order_data_packages VALUES (361, 370, 361);
INSERT INTO public.order_data_packages VALUES (362, 370, 362);
INSERT INTO public.order_data_packages VALUES (363, 370, 363);
INSERT INTO public.order_data_packages VALUES (364, 370, 364);
INSERT INTO public.order_data_packages VALUES (365, 370, 365);
INSERT INTO public.order_data_packages VALUES (366, 370, 366);
INSERT INTO public.order_data_packages VALUES (367, 370, 367);
INSERT INTO public.order_data_packages VALUES (368, 370, 368);
INSERT INTO public.order_data_packages VALUES (369, 370, 369);
INSERT INTO public.order_data_packages VALUES (370, 370, 370);
INSERT INTO public.order_data_packages VALUES (371, 380, 371);
INSERT INTO public.order_data_packages VALUES (372, 380, 372);
INSERT INTO public.order_data_packages VALUES (373, 380, 373);
INSERT INTO public.order_data_packages VALUES (374, 380, 374);
INSERT INTO public.order_data_packages VALUES (375, 380, 375);
INSERT INTO public.order_data_packages VALUES (376, 380, 376);
INSERT INTO public.order_data_packages VALUES (377, 380, 377);
INSERT INTO public.order_data_packages VALUES (378, 380, 378);
INSERT INTO public.order_data_packages VALUES (379, 380, 379);
INSERT INTO public.order_data_packages VALUES (380, 380, 380);
INSERT INTO public.order_data_packages VALUES (381, 390, 381);
INSERT INTO public.order_data_packages VALUES (382, 390, 382);
INSERT INTO public.order_data_packages VALUES (383, 390, 383);
INSERT INTO public.order_data_packages VALUES (384, 390, 384);
INSERT INTO public.order_data_packages VALUES (385, 390, 385);
INSERT INTO public.order_data_packages VALUES (386, 390, 386);
INSERT INTO public.order_data_packages VALUES (387, 390, 387);
INSERT INTO public.order_data_packages VALUES (388, 390, 388);
INSERT INTO public.order_data_packages VALUES (389, 390, 389);
INSERT INTO public.order_data_packages VALUES (390, 390, 390);
INSERT INTO public.order_data_packages VALUES (391, 400, 391);
INSERT INTO public.order_data_packages VALUES (392, 400, 392);
INSERT INTO public.order_data_packages VALUES (393, 400, 393);
INSERT INTO public.order_data_packages VALUES (394, 400, 394);
INSERT INTO public.order_data_packages VALUES (395, 400, 395);
INSERT INTO public.order_data_packages VALUES (396, 400, 396);
INSERT INTO public.order_data_packages VALUES (397, 400, 397);
INSERT INTO public.order_data_packages VALUES (398, 400, 398);
INSERT INTO public.order_data_packages VALUES (399, 400, 399);
INSERT INTO public.order_data_packages VALUES (400, 400, 400);
INSERT INTO public.order_data_packages VALUES (401, 410, 401);
INSERT INTO public.order_data_packages VALUES (402, 410, 402);
INSERT INTO public.order_data_packages VALUES (403, 410, 403);
INSERT INTO public.order_data_packages VALUES (404, 410, 404);
INSERT INTO public.order_data_packages VALUES (405, 410, 405);
INSERT INTO public.order_data_packages VALUES (406, 410, 406);
INSERT INTO public.order_data_packages VALUES (407, 410, 407);
INSERT INTO public.order_data_packages VALUES (408, 410, 408);
INSERT INTO public.order_data_packages VALUES (409, 410, 409);
INSERT INTO public.order_data_packages VALUES (410, 410, 410);
INSERT INTO public.order_data_packages VALUES (411, 420, 411);
INSERT INTO public.order_data_packages VALUES (412, 420, 412);
INSERT INTO public.order_data_packages VALUES (413, 420, 413);
INSERT INTO public.order_data_packages VALUES (414, 420, 414);
INSERT INTO public.order_data_packages VALUES (415, 420, 415);
INSERT INTO public.order_data_packages VALUES (416, 420, 416);
INSERT INTO public.order_data_packages VALUES (417, 420, 417);
INSERT INTO public.order_data_packages VALUES (418, 420, 418);
INSERT INTO public.order_data_packages VALUES (419, 420, 419);
INSERT INTO public.order_data_packages VALUES (420, 420, 420);
INSERT INTO public.order_data_packages VALUES (421, 430, 421);
INSERT INTO public.order_data_packages VALUES (422, 430, 422);
INSERT INTO public.order_data_packages VALUES (423, 430, 423);
INSERT INTO public.order_data_packages VALUES (424, 430, 424);
INSERT INTO public.order_data_packages VALUES (425, 430, 425);
INSERT INTO public.order_data_packages VALUES (426, 430, 426);
INSERT INTO public.order_data_packages VALUES (427, 430, 427);
INSERT INTO public.order_data_packages VALUES (428, 430, 428);
INSERT INTO public.order_data_packages VALUES (429, 430, 429);
INSERT INTO public.order_data_packages VALUES (430, 430, 430);
INSERT INTO public.order_data_packages VALUES (431, 440, 431);
INSERT INTO public.order_data_packages VALUES (432, 440, 432);
INSERT INTO public.order_data_packages VALUES (433, 440, 433);
INSERT INTO public.order_data_packages VALUES (434, 440, 434);
INSERT INTO public.order_data_packages VALUES (435, 440, 435);
INSERT INTO public.order_data_packages VALUES (436, 440, 436);
INSERT INTO public.order_data_packages VALUES (437, 440, 437);
INSERT INTO public.order_data_packages VALUES (438, 440, 438);
INSERT INTO public.order_data_packages VALUES (439, 440, 439);
INSERT INTO public.order_data_packages VALUES (440, 440, 440);
INSERT INTO public.order_data_packages VALUES (441, 450, 441);
INSERT INTO public.order_data_packages VALUES (442, 450, 442);
INSERT INTO public.order_data_packages VALUES (443, 450, 443);
INSERT INTO public.order_data_packages VALUES (444, 450, 444);
INSERT INTO public.order_data_packages VALUES (445, 450, 445);
INSERT INTO public.order_data_packages VALUES (446, 450, 446);
INSERT INTO public.order_data_packages VALUES (447, 450, 447);
INSERT INTO public.order_data_packages VALUES (448, 450, 448);
INSERT INTO public.order_data_packages VALUES (449, 450, 449);
INSERT INTO public.order_data_packages VALUES (450, 450, 450);
INSERT INTO public.order_data_packages VALUES (451, 460, 451);
INSERT INTO public.order_data_packages VALUES (452, 460, 452);
INSERT INTO public.order_data_packages VALUES (453, 460, 453);
INSERT INTO public.order_data_packages VALUES (454, 460, 454);
INSERT INTO public.order_data_packages VALUES (455, 460, 455);
INSERT INTO public.order_data_packages VALUES (456, 460, 456);
INSERT INTO public.order_data_packages VALUES (457, 460, 457);
INSERT INTO public.order_data_packages VALUES (458, 460, 458);
INSERT INTO public.order_data_packages VALUES (459, 460, 459);
INSERT INTO public.order_data_packages VALUES (460, 460, 460);
INSERT INTO public.order_data_packages VALUES (461, 470, 461);
INSERT INTO public.order_data_packages VALUES (462, 470, 462);
INSERT INTO public.order_data_packages VALUES (463, 470, 463);
INSERT INTO public.order_data_packages VALUES (464, 470, 464);
INSERT INTO public.order_data_packages VALUES (465, 470, 465);
INSERT INTO public.order_data_packages VALUES (466, 470, 466);
INSERT INTO public.order_data_packages VALUES (467, 470, 467);
INSERT INTO public.order_data_packages VALUES (468, 470, 468);
INSERT INTO public.order_data_packages VALUES (469, 470, 469);
INSERT INTO public.order_data_packages VALUES (470, 470, 470);
INSERT INTO public.order_data_packages VALUES (471, 480, 471);
INSERT INTO public.order_data_packages VALUES (472, 480, 472);
INSERT INTO public.order_data_packages VALUES (473, 480, 473);
INSERT INTO public.order_data_packages VALUES (474, 480, 474);
INSERT INTO public.order_data_packages VALUES (475, 480, 475);
INSERT INTO public.order_data_packages VALUES (476, 480, 476);
INSERT INTO public.order_data_packages VALUES (477, 480, 477);
INSERT INTO public.order_data_packages VALUES (478, 480, 478);
INSERT INTO public.order_data_packages VALUES (479, 480, 479);
INSERT INTO public.order_data_packages VALUES (480, 480, 480);
INSERT INTO public.order_data_packages VALUES (481, 490, 481);
INSERT INTO public.order_data_packages VALUES (482, 490, 482);
INSERT INTO public.order_data_packages VALUES (483, 490, 483);
INSERT INTO public.order_data_packages VALUES (484, 490, 484);
INSERT INTO public.order_data_packages VALUES (485, 490, 485);
INSERT INTO public.order_data_packages VALUES (486, 490, 486);
INSERT INTO public.order_data_packages VALUES (487, 490, 487);
INSERT INTO public.order_data_packages VALUES (488, 490, 488);
INSERT INTO public.order_data_packages VALUES (489, 490, 489);
INSERT INTO public.order_data_packages VALUES (490, 490, 490);
INSERT INTO public.order_data_packages VALUES (491, 500, 491);
INSERT INTO public.order_data_packages VALUES (492, 500, 492);
INSERT INTO public.order_data_packages VALUES (493, 500, 493);
INSERT INTO public.order_data_packages VALUES (494, 500, 494);
INSERT INTO public.order_data_packages VALUES (495, 500, 495);
INSERT INTO public.order_data_packages VALUES (496, 500, 496);
INSERT INTO public.order_data_packages VALUES (497, 500, 497);
INSERT INTO public.order_data_packages VALUES (498, 500, 498);
INSERT INTO public.order_data_packages VALUES (499, 500, 499);
INSERT INTO public.order_data_packages VALUES (500, 500, 500);
INSERT INTO public.order_data_packages VALUES (501, 510, 501);
INSERT INTO public.order_data_packages VALUES (502, 510, 502);
INSERT INTO public.order_data_packages VALUES (503, 510, 503);
INSERT INTO public.order_data_packages VALUES (504, 510, 504);
INSERT INTO public.order_data_packages VALUES (505, 510, 505);
INSERT INTO public.order_data_packages VALUES (506, 510, 506);
INSERT INTO public.order_data_packages VALUES (507, 510, 507);
INSERT INTO public.order_data_packages VALUES (508, 510, 508);
INSERT INTO public.order_data_packages VALUES (509, 510, 509);
INSERT INTO public.order_data_packages VALUES (510, 510, 510);
INSERT INTO public.order_data_packages VALUES (511, 520, 511);
INSERT INTO public.order_data_packages VALUES (512, 520, 512);
INSERT INTO public.order_data_packages VALUES (513, 520, 513);
INSERT INTO public.order_data_packages VALUES (514, 520, 514);
INSERT INTO public.order_data_packages VALUES (515, 520, 515);
INSERT INTO public.order_data_packages VALUES (516, 520, 516);
INSERT INTO public.order_data_packages VALUES (517, 520, 517);
INSERT INTO public.order_data_packages VALUES (518, 520, 518);
INSERT INTO public.order_data_packages VALUES (519, 520, 519);
INSERT INTO public.order_data_packages VALUES (520, 520, 520);
INSERT INTO public.order_data_packages VALUES (521, 530, 521);
INSERT INTO public.order_data_packages VALUES (522, 530, 522);
INSERT INTO public.order_data_packages VALUES (523, 530, 523);
INSERT INTO public.order_data_packages VALUES (524, 530, 524);
INSERT INTO public.order_data_packages VALUES (525, 530, 525);
INSERT INTO public.order_data_packages VALUES (526, 530, 526);
INSERT INTO public.order_data_packages VALUES (527, 530, 527);
INSERT INTO public.order_data_packages VALUES (528, 530, 528);
INSERT INTO public.order_data_packages VALUES (529, 530, 529);
INSERT INTO public.order_data_packages VALUES (530, 530, 530);
INSERT INTO public.order_data_packages VALUES (531, 540, 531);
INSERT INTO public.order_data_packages VALUES (532, 540, 532);
INSERT INTO public.order_data_packages VALUES (533, 540, 533);
INSERT INTO public.order_data_packages VALUES (534, 540, 534);
INSERT INTO public.order_data_packages VALUES (535, 540, 535);
INSERT INTO public.order_data_packages VALUES (536, 540, 536);
INSERT INTO public.order_data_packages VALUES (537, 540, 537);
INSERT INTO public.order_data_packages VALUES (538, 540, 538);
INSERT INTO public.order_data_packages VALUES (539, 540, 539);
INSERT INTO public.order_data_packages VALUES (540, 540, 540);
INSERT INTO public.order_data_packages VALUES (541, 550, 541);
INSERT INTO public.order_data_packages VALUES (542, 550, 542);
INSERT INTO public.order_data_packages VALUES (543, 550, 543);
INSERT INTO public.order_data_packages VALUES (544, 550, 544);
INSERT INTO public.order_data_packages VALUES (545, 550, 545);
INSERT INTO public.order_data_packages VALUES (546, 550, 546);
INSERT INTO public.order_data_packages VALUES (547, 550, 547);
INSERT INTO public.order_data_packages VALUES (548, 550, 548);
INSERT INTO public.order_data_packages VALUES (549, 550, 549);
INSERT INTO public.order_data_packages VALUES (550, 550, 550);
INSERT INTO public.order_data_packages VALUES (551, 560, 551);
INSERT INTO public.order_data_packages VALUES (552, 560, 552);
INSERT INTO public.order_data_packages VALUES (553, 560, 553);
INSERT INTO public.order_data_packages VALUES (554, 560, 554);
INSERT INTO public.order_data_packages VALUES (555, 560, 555);
INSERT INTO public.order_data_packages VALUES (556, 560, 556);
INSERT INTO public.order_data_packages VALUES (557, 560, 557);
INSERT INTO public.order_data_packages VALUES (558, 560, 558);
INSERT INTO public.order_data_packages VALUES (559, 560, 559);
INSERT INTO public.order_data_packages VALUES (560, 560, 560);
INSERT INTO public.order_data_packages VALUES (561, 570, 561);
INSERT INTO public.order_data_packages VALUES (562, 570, 562);
INSERT INTO public.order_data_packages VALUES (563, 570, 563);
INSERT INTO public.order_data_packages VALUES (564, 570, 564);
INSERT INTO public.order_data_packages VALUES (565, 570, 565);
INSERT INTO public.order_data_packages VALUES (566, 570, 566);
INSERT INTO public.order_data_packages VALUES (567, 570, 567);
INSERT INTO public.order_data_packages VALUES (568, 570, 568);
INSERT INTO public.order_data_packages VALUES (569, 570, 569);
INSERT INTO public.order_data_packages VALUES (570, 570, 570);
INSERT INTO public.order_data_packages VALUES (571, 580, 571);
INSERT INTO public.order_data_packages VALUES (572, 580, 572);
INSERT INTO public.order_data_packages VALUES (573, 580, 573);
INSERT INTO public.order_data_packages VALUES (574, 580, 574);
INSERT INTO public.order_data_packages VALUES (575, 580, 575);
INSERT INTO public.order_data_packages VALUES (576, 580, 576);
INSERT INTO public.order_data_packages VALUES (577, 580, 577);
INSERT INTO public.order_data_packages VALUES (578, 580, 578);
INSERT INTO public.order_data_packages VALUES (579, 580, 579);
INSERT INTO public.order_data_packages VALUES (580, 580, 580);
INSERT INTO public.order_data_packages VALUES (581, 590, 581);
INSERT INTO public.order_data_packages VALUES (582, 590, 582);
INSERT INTO public.order_data_packages VALUES (583, 590, 583);
INSERT INTO public.order_data_packages VALUES (584, 590, 584);
INSERT INTO public.order_data_packages VALUES (585, 590, 585);
INSERT INTO public.order_data_packages VALUES (586, 590, 586);
INSERT INTO public.order_data_packages VALUES (587, 590, 587);
INSERT INTO public.order_data_packages VALUES (588, 590, 588);
INSERT INTO public.order_data_packages VALUES (589, 590, 589);
INSERT INTO public.order_data_packages VALUES (590, 590, 590);
INSERT INTO public.order_data_packages VALUES (591, 600, 591);
INSERT INTO public.order_data_packages VALUES (592, 600, 592);
INSERT INTO public.order_data_packages VALUES (593, 600, 593);
INSERT INTO public.order_data_packages VALUES (594, 600, 594);
INSERT INTO public.order_data_packages VALUES (595, 600, 595);
INSERT INTO public.order_data_packages VALUES (596, 600, 596);
INSERT INTO public.order_data_packages VALUES (597, 600, 597);
INSERT INTO public.order_data_packages VALUES (598, 600, 598);
INSERT INTO public.order_data_packages VALUES (599, 600, 599);
INSERT INTO public.order_data_packages VALUES (600, 600, 600);
INSERT INTO public.order_data_packages VALUES (601, 610, 601);
INSERT INTO public.order_data_packages VALUES (602, 610, 602);
INSERT INTO public.order_data_packages VALUES (603, 610, 603);
INSERT INTO public.order_data_packages VALUES (604, 610, 604);
INSERT INTO public.order_data_packages VALUES (605, 610, 605);
INSERT INTO public.order_data_packages VALUES (606, 610, 606);
INSERT INTO public.order_data_packages VALUES (607, 610, 607);
INSERT INTO public.order_data_packages VALUES (608, 610, 608);
INSERT INTO public.order_data_packages VALUES (609, 610, 609);
INSERT INTO public.order_data_packages VALUES (610, 610, 610);
INSERT INTO public.order_data_packages VALUES (611, 620, 611);
INSERT INTO public.order_data_packages VALUES (612, 620, 612);
INSERT INTO public.order_data_packages VALUES (613, 620, 613);
INSERT INTO public.order_data_packages VALUES (614, 620, 614);
INSERT INTO public.order_data_packages VALUES (615, 620, 615);
INSERT INTO public.order_data_packages VALUES (616, 620, 616);
INSERT INTO public.order_data_packages VALUES (617, 620, 617);
INSERT INTO public.order_data_packages VALUES (618, 620, 618);
INSERT INTO public.order_data_packages VALUES (619, 620, 619);
INSERT INTO public.order_data_packages VALUES (620, 620, 620);
INSERT INTO public.order_data_packages VALUES (621, 630, 621);
INSERT INTO public.order_data_packages VALUES (622, 630, 622);
INSERT INTO public.order_data_packages VALUES (623, 630, 623);
INSERT INTO public.order_data_packages VALUES (624, 630, 624);
INSERT INTO public.order_data_packages VALUES (625, 630, 625);
INSERT INTO public.order_data_packages VALUES (626, 630, 626);
INSERT INTO public.order_data_packages VALUES (627, 630, 627);
INSERT INTO public.order_data_packages VALUES (628, 630, 628);
INSERT INTO public.order_data_packages VALUES (629, 630, 629);
INSERT INTO public.order_data_packages VALUES (630, 630, 630);
INSERT INTO public.order_data_packages VALUES (631, 640, 631);
INSERT INTO public.order_data_packages VALUES (632, 640, 632);
INSERT INTO public.order_data_packages VALUES (633, 640, 633);
INSERT INTO public.order_data_packages VALUES (634, 640, 634);
INSERT INTO public.order_data_packages VALUES (635, 640, 635);
INSERT INTO public.order_data_packages VALUES (636, 640, 636);
INSERT INTO public.order_data_packages VALUES (637, 640, 637);
INSERT INTO public.order_data_packages VALUES (638, 640, 638);
INSERT INTO public.order_data_packages VALUES (639, 640, 639);
INSERT INTO public.order_data_packages VALUES (640, 640, 640);
INSERT INTO public.order_data_packages VALUES (641, 650, 641);
INSERT INTO public.order_data_packages VALUES (642, 650, 642);
INSERT INTO public.order_data_packages VALUES (643, 650, 643);
INSERT INTO public.order_data_packages VALUES (644, 650, 644);
INSERT INTO public.order_data_packages VALUES (645, 650, 645);
INSERT INTO public.order_data_packages VALUES (646, 650, 646);
INSERT INTO public.order_data_packages VALUES (647, 650, 647);
INSERT INTO public.order_data_packages VALUES (648, 650, 648);
INSERT INTO public.order_data_packages VALUES (649, 650, 649);
INSERT INTO public.order_data_packages VALUES (650, 650, 650);
INSERT INTO public.order_data_packages VALUES (651, 660, 651);
INSERT INTO public.order_data_packages VALUES (652, 660, 652);
INSERT INTO public.order_data_packages VALUES (653, 660, 653);
INSERT INTO public.order_data_packages VALUES (654, 660, 654);
INSERT INTO public.order_data_packages VALUES (655, 660, 655);
INSERT INTO public.order_data_packages VALUES (656, 660, 656);
INSERT INTO public.order_data_packages VALUES (657, 660, 657);
INSERT INTO public.order_data_packages VALUES (658, 660, 658);
INSERT INTO public.order_data_packages VALUES (659, 660, 659);
INSERT INTO public.order_data_packages VALUES (660, 660, 660);
INSERT INTO public.order_data_packages VALUES (661, 670, 661);
INSERT INTO public.order_data_packages VALUES (662, 670, 662);
INSERT INTO public.order_data_packages VALUES (663, 670, 663);
INSERT INTO public.order_data_packages VALUES (664, 670, 664);
INSERT INTO public.order_data_packages VALUES (665, 670, 665);
INSERT INTO public.order_data_packages VALUES (666, 670, 666);
INSERT INTO public.order_data_packages VALUES (667, 670, 667);
INSERT INTO public.order_data_packages VALUES (668, 670, 668);
INSERT INTO public.order_data_packages VALUES (669, 670, 669);
INSERT INTO public.order_data_packages VALUES (670, 670, 670);
INSERT INTO public.order_data_packages VALUES (671, 680, 671);
INSERT INTO public.order_data_packages VALUES (672, 680, 672);
INSERT INTO public.order_data_packages VALUES (673, 680, 673);
INSERT INTO public.order_data_packages VALUES (674, 680, 674);
INSERT INTO public.order_data_packages VALUES (675, 680, 675);
INSERT INTO public.order_data_packages VALUES (676, 680, 676);
INSERT INTO public.order_data_packages VALUES (677, 680, 677);
INSERT INTO public.order_data_packages VALUES (678, 680, 678);
INSERT INTO public.order_data_packages VALUES (679, 680, 679);
INSERT INTO public.order_data_packages VALUES (680, 680, 680);
INSERT INTO public.order_data_packages VALUES (681, 690, 681);
INSERT INTO public.order_data_packages VALUES (682, 690, 682);
INSERT INTO public.order_data_packages VALUES (683, 690, 683);
INSERT INTO public.order_data_packages VALUES (684, 690, 684);
INSERT INTO public.order_data_packages VALUES (685, 690, 685);
INSERT INTO public.order_data_packages VALUES (686, 690, 686);
INSERT INTO public.order_data_packages VALUES (687, 690, 687);
INSERT INTO public.order_data_packages VALUES (688, 690, 688);
INSERT INTO public.order_data_packages VALUES (689, 690, 689);
INSERT INTO public.order_data_packages VALUES (690, 690, 690);
INSERT INTO public.order_data_packages VALUES (691, 700, 691);
INSERT INTO public.order_data_packages VALUES (692, 700, 692);
INSERT INTO public.order_data_packages VALUES (693, 700, 693);
INSERT INTO public.order_data_packages VALUES (694, 700, 694);
INSERT INTO public.order_data_packages VALUES (695, 700, 695);
INSERT INTO public.order_data_packages VALUES (696, 700, 696);
INSERT INTO public.order_data_packages VALUES (697, 700, 697);
INSERT INTO public.order_data_packages VALUES (698, 700, 698);
INSERT INTO public.order_data_packages VALUES (699, 700, 699);
INSERT INTO public.order_data_packages VALUES (700, 700, 700);
INSERT INTO public.order_data_packages VALUES (701, 710, 701);
INSERT INTO public.order_data_packages VALUES (702, 710, 702);
INSERT INTO public.order_data_packages VALUES (703, 710, 703);
INSERT INTO public.order_data_packages VALUES (704, 710, 704);
INSERT INTO public.order_data_packages VALUES (705, 710, 705);
INSERT INTO public.order_data_packages VALUES (706, 710, 706);
INSERT INTO public.order_data_packages VALUES (707, 710, 707);
INSERT INTO public.order_data_packages VALUES (708, 710, 708);
INSERT INTO public.order_data_packages VALUES (709, 710, 709);
INSERT INTO public.order_data_packages VALUES (710, 710, 710);
INSERT INTO public.order_data_packages VALUES (711, 720, 711);
INSERT INTO public.order_data_packages VALUES (712, 720, 712);
INSERT INTO public.order_data_packages VALUES (713, 720, 713);
INSERT INTO public.order_data_packages VALUES (714, 720, 714);
INSERT INTO public.order_data_packages VALUES (715, 720, 715);
INSERT INTO public.order_data_packages VALUES (716, 720, 716);
INSERT INTO public.order_data_packages VALUES (717, 720, 717);
INSERT INTO public.order_data_packages VALUES (718, 720, 718);
INSERT INTO public.order_data_packages VALUES (719, 720, 719);
INSERT INTO public.order_data_packages VALUES (720, 720, 720);
INSERT INTO public.order_data_packages VALUES (721, 730, 721);
INSERT INTO public.order_data_packages VALUES (722, 730, 722);
INSERT INTO public.order_data_packages VALUES (723, 730, 723);
INSERT INTO public.order_data_packages VALUES (724, 730, 724);
INSERT INTO public.order_data_packages VALUES (725, 730, 725);
INSERT INTO public.order_data_packages VALUES (726, 730, 726);
INSERT INTO public.order_data_packages VALUES (727, 730, 727);
INSERT INTO public.order_data_packages VALUES (728, 730, 728);
INSERT INTO public.order_data_packages VALUES (729, 730, 729);
INSERT INTO public.order_data_packages VALUES (730, 730, 730);
INSERT INTO public.order_data_packages VALUES (731, 740, 731);
INSERT INTO public.order_data_packages VALUES (732, 740, 732);
INSERT INTO public.order_data_packages VALUES (733, 740, 733);
INSERT INTO public.order_data_packages VALUES (734, 740, 734);
INSERT INTO public.order_data_packages VALUES (735, 740, 735);
INSERT INTO public.order_data_packages VALUES (736, 740, 736);
INSERT INTO public.order_data_packages VALUES (737, 740, 737);
INSERT INTO public.order_data_packages VALUES (738, 740, 738);
INSERT INTO public.order_data_packages VALUES (739, 740, 739);
INSERT INTO public.order_data_packages VALUES (740, 740, 740);
INSERT INTO public.order_data_packages VALUES (741, 750, 741);
INSERT INTO public.order_data_packages VALUES (742, 750, 742);
INSERT INTO public.order_data_packages VALUES (743, 750, 743);
INSERT INTO public.order_data_packages VALUES (744, 750, 744);
INSERT INTO public.order_data_packages VALUES (745, 750, 745);
INSERT INTO public.order_data_packages VALUES (746, 750, 746);
INSERT INTO public.order_data_packages VALUES (747, 750, 747);
INSERT INTO public.order_data_packages VALUES (748, 750, 748);
INSERT INTO public.order_data_packages VALUES (749, 750, 749);
INSERT INTO public.order_data_packages VALUES (750, 750, 750);
INSERT INTO public.order_data_packages VALUES (751, 760, 751);
INSERT INTO public.order_data_packages VALUES (752, 760, 752);
INSERT INTO public.order_data_packages VALUES (753, 760, 753);
INSERT INTO public.order_data_packages VALUES (754, 760, 754);
INSERT INTO public.order_data_packages VALUES (755, 760, 755);
INSERT INTO public.order_data_packages VALUES (756, 760, 756);
INSERT INTO public.order_data_packages VALUES (757, 760, 757);
INSERT INTO public.order_data_packages VALUES (758, 760, 758);
INSERT INTO public.order_data_packages VALUES (759, 760, 759);
INSERT INTO public.order_data_packages VALUES (760, 760, 760);
INSERT INTO public.order_data_packages VALUES (761, 770, 761);
INSERT INTO public.order_data_packages VALUES (762, 770, 762);
INSERT INTO public.order_data_packages VALUES (763, 770, 763);
INSERT INTO public.order_data_packages VALUES (764, 770, 764);
INSERT INTO public.order_data_packages VALUES (765, 770, 765);
INSERT INTO public.order_data_packages VALUES (766, 770, 766);
INSERT INTO public.order_data_packages VALUES (767, 770, 767);
INSERT INTO public.order_data_packages VALUES (768, 770, 768);
INSERT INTO public.order_data_packages VALUES (769, 770, 769);
INSERT INTO public.order_data_packages VALUES (770, 770, 770);
INSERT INTO public.order_data_packages VALUES (771, 780, 771);
INSERT INTO public.order_data_packages VALUES (772, 780, 772);
INSERT INTO public.order_data_packages VALUES (773, 780, 773);
INSERT INTO public.order_data_packages VALUES (774, 780, 774);
INSERT INTO public.order_data_packages VALUES (775, 780, 775);
INSERT INTO public.order_data_packages VALUES (776, 780, 776);
INSERT INTO public.order_data_packages VALUES (777, 780, 777);
INSERT INTO public.order_data_packages VALUES (778, 780, 778);
INSERT INTO public.order_data_packages VALUES (779, 780, 779);
INSERT INTO public.order_data_packages VALUES (780, 780, 780);
INSERT INTO public.order_data_packages VALUES (781, 790, 781);
INSERT INTO public.order_data_packages VALUES (782, 790, 782);
INSERT INTO public.order_data_packages VALUES (783, 790, 783);
INSERT INTO public.order_data_packages VALUES (784, 790, 784);
INSERT INTO public.order_data_packages VALUES (785, 790, 785);
INSERT INTO public.order_data_packages VALUES (786, 790, 786);
INSERT INTO public.order_data_packages VALUES (787, 790, 787);
INSERT INTO public.order_data_packages VALUES (788, 790, 788);
INSERT INTO public.order_data_packages VALUES (789, 790, 789);
INSERT INTO public.order_data_packages VALUES (790, 790, 790);
INSERT INTO public.order_data_packages VALUES (791, 800, 791);
INSERT INTO public.order_data_packages VALUES (792, 800, 792);
INSERT INTO public.order_data_packages VALUES (793, 800, 793);
INSERT INTO public.order_data_packages VALUES (794, 800, 794);
INSERT INTO public.order_data_packages VALUES (795, 800, 795);
INSERT INTO public.order_data_packages VALUES (796, 800, 796);
INSERT INTO public.order_data_packages VALUES (797, 800, 797);
INSERT INTO public.order_data_packages VALUES (798, 800, 798);
INSERT INTO public.order_data_packages VALUES (799, 800, 799);
INSERT INTO public.order_data_packages VALUES (800, 800, 800);
INSERT INTO public.order_data_packages VALUES (801, 810, 801);
INSERT INTO public.order_data_packages VALUES (802, 810, 802);
INSERT INTO public.order_data_packages VALUES (803, 810, 803);
INSERT INTO public.order_data_packages VALUES (804, 810, 804);
INSERT INTO public.order_data_packages VALUES (805, 810, 805);
INSERT INTO public.order_data_packages VALUES (806, 810, 806);
INSERT INTO public.order_data_packages VALUES (807, 810, 807);
INSERT INTO public.order_data_packages VALUES (808, 810, 808);
INSERT INTO public.order_data_packages VALUES (809, 810, 809);
INSERT INTO public.order_data_packages VALUES (810, 810, 810);
INSERT INTO public.order_data_packages VALUES (811, 820, 811);
INSERT INTO public.order_data_packages VALUES (812, 820, 812);
INSERT INTO public.order_data_packages VALUES (813, 820, 813);
INSERT INTO public.order_data_packages VALUES (814, 820, 814);
INSERT INTO public.order_data_packages VALUES (815, 820, 815);
INSERT INTO public.order_data_packages VALUES (816, 820, 816);
INSERT INTO public.order_data_packages VALUES (817, 820, 817);
INSERT INTO public.order_data_packages VALUES (818, 820, 818);
INSERT INTO public.order_data_packages VALUES (819, 820, 819);
INSERT INTO public.order_data_packages VALUES (820, 820, 820);
INSERT INTO public.order_data_packages VALUES (821, 830, 821);
INSERT INTO public.order_data_packages VALUES (822, 830, 822);
INSERT INTO public.order_data_packages VALUES (823, 830, 823);
INSERT INTO public.order_data_packages VALUES (824, 830, 824);
INSERT INTO public.order_data_packages VALUES (825, 830, 825);
INSERT INTO public.order_data_packages VALUES (826, 830, 826);
INSERT INTO public.order_data_packages VALUES (827, 830, 827);
INSERT INTO public.order_data_packages VALUES (828, 830, 828);
INSERT INTO public.order_data_packages VALUES (829, 830, 829);
INSERT INTO public.order_data_packages VALUES (830, 830, 830);
INSERT INTO public.order_data_packages VALUES (831, 840, 831);
INSERT INTO public.order_data_packages VALUES (832, 840, 832);
INSERT INTO public.order_data_packages VALUES (833, 840, 833);
INSERT INTO public.order_data_packages VALUES (834, 840, 834);
INSERT INTO public.order_data_packages VALUES (835, 840, 835);
INSERT INTO public.order_data_packages VALUES (836, 840, 836);
INSERT INTO public.order_data_packages VALUES (837, 840, 837);
INSERT INTO public.order_data_packages VALUES (838, 840, 838);
INSERT INTO public.order_data_packages VALUES (839, 840, 839);
INSERT INTO public.order_data_packages VALUES (840, 840, 840);
INSERT INTO public.order_data_packages VALUES (841, 850, 841);
INSERT INTO public.order_data_packages VALUES (842, 850, 842);
INSERT INTO public.order_data_packages VALUES (843, 850, 843);
INSERT INTO public.order_data_packages VALUES (844, 850, 844);
INSERT INTO public.order_data_packages VALUES (845, 850, 845);
INSERT INTO public.order_data_packages VALUES (846, 850, 846);
INSERT INTO public.order_data_packages VALUES (847, 850, 847);
INSERT INTO public.order_data_packages VALUES (848, 850, 848);
INSERT INTO public.order_data_packages VALUES (849, 850, 849);
INSERT INTO public.order_data_packages VALUES (850, 850, 850);
INSERT INTO public.order_data_packages VALUES (851, 860, 851);
INSERT INTO public.order_data_packages VALUES (852, 860, 852);
INSERT INTO public.order_data_packages VALUES (853, 860, 853);
INSERT INTO public.order_data_packages VALUES (854, 860, 854);
INSERT INTO public.order_data_packages VALUES (855, 860, 855);
INSERT INTO public.order_data_packages VALUES (856, 860, 856);
INSERT INTO public.order_data_packages VALUES (857, 860, 857);
INSERT INTO public.order_data_packages VALUES (858, 860, 858);
INSERT INTO public.order_data_packages VALUES (859, 860, 859);
INSERT INTO public.order_data_packages VALUES (860, 860, 860);
INSERT INTO public.order_data_packages VALUES (861, 870, 861);
INSERT INTO public.order_data_packages VALUES (862, 870, 862);
INSERT INTO public.order_data_packages VALUES (863, 870, 863);
INSERT INTO public.order_data_packages VALUES (864, 870, 864);
INSERT INTO public.order_data_packages VALUES (865, 870, 865);
INSERT INTO public.order_data_packages VALUES (866, 870, 866);
INSERT INTO public.order_data_packages VALUES (867, 870, 867);
INSERT INTO public.order_data_packages VALUES (868, 870, 868);
INSERT INTO public.order_data_packages VALUES (869, 870, 869);
INSERT INTO public.order_data_packages VALUES (870, 870, 870);
INSERT INTO public.order_data_packages VALUES (871, 880, 871);
INSERT INTO public.order_data_packages VALUES (872, 880, 872);
INSERT INTO public.order_data_packages VALUES (873, 880, 873);
INSERT INTO public.order_data_packages VALUES (874, 880, 874);
INSERT INTO public.order_data_packages VALUES (875, 880, 875);
INSERT INTO public.order_data_packages VALUES (876, 880, 876);
INSERT INTO public.order_data_packages VALUES (877, 880, 877);
INSERT INTO public.order_data_packages VALUES (878, 880, 878);
INSERT INTO public.order_data_packages VALUES (879, 880, 879);
INSERT INTO public.order_data_packages VALUES (880, 880, 880);
INSERT INTO public.order_data_packages VALUES (881, 890, 881);
INSERT INTO public.order_data_packages VALUES (882, 890, 882);
INSERT INTO public.order_data_packages VALUES (883, 890, 883);
INSERT INTO public.order_data_packages VALUES (884, 890, 884);
INSERT INTO public.order_data_packages VALUES (885, 890, 885);
INSERT INTO public.order_data_packages VALUES (886, 890, 886);
INSERT INTO public.order_data_packages VALUES (887, 890, 887);
INSERT INTO public.order_data_packages VALUES (888, 890, 888);
INSERT INTO public.order_data_packages VALUES (889, 890, 889);
INSERT INTO public.order_data_packages VALUES (890, 890, 890);
INSERT INTO public.order_data_packages VALUES (891, 900, 891);
INSERT INTO public.order_data_packages VALUES (892, 900, 892);
INSERT INTO public.order_data_packages VALUES (893, 900, 893);
INSERT INTO public.order_data_packages VALUES (894, 900, 894);
INSERT INTO public.order_data_packages VALUES (895, 900, 895);
INSERT INTO public.order_data_packages VALUES (896, 900, 896);
INSERT INTO public.order_data_packages VALUES (897, 900, 897);
INSERT INTO public.order_data_packages VALUES (898, 900, 898);
INSERT INTO public.order_data_packages VALUES (899, 900, 899);
INSERT INTO public.order_data_packages VALUES (900, 900, 900);
INSERT INTO public.order_data_packages VALUES (901, 910, 901);
INSERT INTO public.order_data_packages VALUES (902, 910, 902);
INSERT INTO public.order_data_packages VALUES (903, 910, 903);
INSERT INTO public.order_data_packages VALUES (904, 910, 904);
INSERT INTO public.order_data_packages VALUES (905, 910, 905);
INSERT INTO public.order_data_packages VALUES (906, 910, 906);
INSERT INTO public.order_data_packages VALUES (907, 910, 907);
INSERT INTO public.order_data_packages VALUES (908, 910, 908);
INSERT INTO public.order_data_packages VALUES (909, 910, 909);
INSERT INTO public.order_data_packages VALUES (910, 910, 910);
INSERT INTO public.order_data_packages VALUES (911, 920, 911);
INSERT INTO public.order_data_packages VALUES (912, 920, 912);
INSERT INTO public.order_data_packages VALUES (913, 920, 913);
INSERT INTO public.order_data_packages VALUES (914, 920, 914);
INSERT INTO public.order_data_packages VALUES (915, 920, 915);
INSERT INTO public.order_data_packages VALUES (916, 920, 916);
INSERT INTO public.order_data_packages VALUES (917, 920, 917);
INSERT INTO public.order_data_packages VALUES (918, 920, 918);
INSERT INTO public.order_data_packages VALUES (919, 920, 919);
INSERT INTO public.order_data_packages VALUES (920, 920, 920);
INSERT INTO public.order_data_packages VALUES (921, 930, 921);
INSERT INTO public.order_data_packages VALUES (922, 930, 922);
INSERT INTO public.order_data_packages VALUES (923, 930, 923);
INSERT INTO public.order_data_packages VALUES (924, 930, 924);
INSERT INTO public.order_data_packages VALUES (925, 930, 925);
INSERT INTO public.order_data_packages VALUES (926, 930, 926);
INSERT INTO public.order_data_packages VALUES (927, 930, 927);
INSERT INTO public.order_data_packages VALUES (928, 930, 928);
INSERT INTO public.order_data_packages VALUES (929, 930, 929);
INSERT INTO public.order_data_packages VALUES (930, 930, 930);
INSERT INTO public.order_data_packages VALUES (931, 940, 931);
INSERT INTO public.order_data_packages VALUES (932, 940, 932);
INSERT INTO public.order_data_packages VALUES (933, 940, 933);
INSERT INTO public.order_data_packages VALUES (934, 940, 934);
INSERT INTO public.order_data_packages VALUES (935, 940, 935);
INSERT INTO public.order_data_packages VALUES (936, 940, 936);
INSERT INTO public.order_data_packages VALUES (937, 940, 937);
INSERT INTO public.order_data_packages VALUES (938, 940, 938);
INSERT INTO public.order_data_packages VALUES (939, 940, 939);
INSERT INTO public.order_data_packages VALUES (940, 940, 940);
INSERT INTO public.order_data_packages VALUES (941, 950, 941);
INSERT INTO public.order_data_packages VALUES (942, 950, 942);
INSERT INTO public.order_data_packages VALUES (943, 950, 943);
INSERT INTO public.order_data_packages VALUES (944, 950, 944);
INSERT INTO public.order_data_packages VALUES (945, 950, 945);
INSERT INTO public.order_data_packages VALUES (946, 950, 946);
INSERT INTO public.order_data_packages VALUES (947, 950, 947);
INSERT INTO public.order_data_packages VALUES (948, 950, 948);
INSERT INTO public.order_data_packages VALUES (949, 950, 949);
INSERT INTO public.order_data_packages VALUES (950, 950, 950);
INSERT INTO public.order_data_packages VALUES (951, 960, 951);
INSERT INTO public.order_data_packages VALUES (952, 960, 952);
INSERT INTO public.order_data_packages VALUES (953, 960, 953);
INSERT INTO public.order_data_packages VALUES (954, 960, 954);
INSERT INTO public.order_data_packages VALUES (955, 960, 955);
INSERT INTO public.order_data_packages VALUES (956, 960, 956);
INSERT INTO public.order_data_packages VALUES (957, 960, 957);
INSERT INTO public.order_data_packages VALUES (958, 960, 958);
INSERT INTO public.order_data_packages VALUES (959, 960, 959);
INSERT INTO public.order_data_packages VALUES (960, 960, 960);
INSERT INTO public.order_data_packages VALUES (961, 970, 961);
INSERT INTO public.order_data_packages VALUES (962, 970, 962);
INSERT INTO public.order_data_packages VALUES (963, 970, 963);
INSERT INTO public.order_data_packages VALUES (964, 970, 964);
INSERT INTO public.order_data_packages VALUES (965, 970, 965);
INSERT INTO public.order_data_packages VALUES (966, 970, 966);
INSERT INTO public.order_data_packages VALUES (967, 970, 967);
INSERT INTO public.order_data_packages VALUES (968, 970, 968);
INSERT INTO public.order_data_packages VALUES (969, 970, 969);
INSERT INTO public.order_data_packages VALUES (970, 970, 970);
INSERT INTO public.order_data_packages VALUES (971, 980, 971);
INSERT INTO public.order_data_packages VALUES (972, 980, 972);
INSERT INTO public.order_data_packages VALUES (973, 980, 973);
INSERT INTO public.order_data_packages VALUES (974, 980, 974);
INSERT INTO public.order_data_packages VALUES (975, 980, 975);
INSERT INTO public.order_data_packages VALUES (976, 980, 976);
INSERT INTO public.order_data_packages VALUES (977, 980, 977);
INSERT INTO public.order_data_packages VALUES (978, 980, 978);
INSERT INTO public.order_data_packages VALUES (979, 980, 979);
INSERT INTO public.order_data_packages VALUES (980, 980, 980);
INSERT INTO public.order_data_packages VALUES (981, 990, 981);
INSERT INTO public.order_data_packages VALUES (982, 990, 982);
INSERT INTO public.order_data_packages VALUES (983, 990, 983);
INSERT INTO public.order_data_packages VALUES (984, 990, 984);
INSERT INTO public.order_data_packages VALUES (985, 990, 985);
INSERT INTO public.order_data_packages VALUES (986, 990, 986);
INSERT INTO public.order_data_packages VALUES (987, 990, 987);
INSERT INTO public.order_data_packages VALUES (988, 990, 988);
INSERT INTO public.order_data_packages VALUES (989, 990, 989);
INSERT INTO public.order_data_packages VALUES (990, 990, 990);
INSERT INTO public.order_data_packages VALUES (991, 1000, 991);
INSERT INTO public.order_data_packages VALUES (992, 1000, 992);
INSERT INTO public.order_data_packages VALUES (993, 1000, 993);
INSERT INTO public.order_data_packages VALUES (994, 1000, 994);
INSERT INTO public.order_data_packages VALUES (995, 1000, 995);
INSERT INTO public.order_data_packages VALUES (996, 1000, 996);
INSERT INTO public.order_data_packages VALUES (997, 1000, 997);
INSERT INTO public.order_data_packages VALUES (998, 1000, 998);
INSERT INTO public.order_data_packages VALUES (999, 1000, 999);
INSERT INTO public.order_data_packages VALUES (1000, 1000, 1000);


--
-- Data for Name: orders; Type: TABLE DATA; Schema: public; Owner: postgres
--

INSERT INTO public.orders VALUES (1);
INSERT INTO public.orders VALUES (2);
INSERT INTO public.orders VALUES (3);
INSERT INTO public.orders VALUES (4);
INSERT INTO public.orders VALUES (5);
INSERT INTO public.orders VALUES (6);
INSERT INTO public.orders VALUES (7);
INSERT INTO public.orders VALUES (8);
INSERT INTO public.orders VALUES (9);
INSERT INTO public.orders VALUES (10);
INSERT INTO public.orders VALUES (11);
INSERT INTO public.orders VALUES (12);
INSERT INTO public.orders VALUES (13);
INSERT INTO public.orders VALUES (14);
INSERT INTO public.orders VALUES (15);
INSERT INTO public.orders VALUES (16);
INSERT INTO public.orders VALUES (17);
INSERT INTO public.orders VALUES (18);
INSERT INTO public.orders VALUES (19);
INSERT INTO public.orders VALUES (20);
INSERT INTO public.orders VALUES (21);
INSERT INTO public.orders VALUES (22);
INSERT INTO public.orders VALUES (23);
INSERT INTO public.orders VALUES (24);
INSERT INTO public.orders VALUES (25);
INSERT INTO public.orders VALUES (26);
INSERT INTO public.orders VALUES (27);
INSERT INTO public.orders VALUES (28);
INSERT INTO public.orders VALUES (29);
INSERT INTO public.orders VALUES (30);
INSERT INTO public.orders VALUES (31);
INSERT INTO public.orders VALUES (32);
INSERT INTO public.orders VALUES (33);
INSERT INTO public.orders VALUES (34);
INSERT INTO public.orders VALUES (35);
INSERT INTO public.orders VALUES (36);
INSERT INTO public.orders VALUES (37);
INSERT INTO public.orders VALUES (38);
INSERT INTO public.orders VALUES (39);
INSERT INTO public.orders VALUES (40);
INSERT INTO public.orders VALUES (41);
INSERT INTO public.orders VALUES (42);
INSERT INTO public.orders VALUES (43);
INSERT INTO public.orders VALUES (44);
INSERT INTO public.orders VALUES (45);
INSERT INTO public.orders VALUES (46);
INSERT INTO public.orders VALUES (47);
INSERT INTO public.orders VALUES (48);
INSERT INTO public.orders VALUES (49);
INSERT INTO public.orders VALUES (50);
INSERT INTO public.orders VALUES (51);
INSERT INTO public.orders VALUES (52);
INSERT INTO public.orders VALUES (53);
INSERT INTO public.orders VALUES (54);
INSERT INTO public.orders VALUES (55);
INSERT INTO public.orders VALUES (56);
INSERT INTO public.orders VALUES (57);
INSERT INTO public.orders VALUES (58);
INSERT INTO public.orders VALUES (59);
INSERT INTO public.orders VALUES (60);
INSERT INTO public.orders VALUES (61);
INSERT INTO public.orders VALUES (62);
INSERT INTO public.orders VALUES (63);
INSERT INTO public.orders VALUES (64);
INSERT INTO public.orders VALUES (65);
INSERT INTO public.orders VALUES (66);
INSERT INTO public.orders VALUES (67);
INSERT INTO public.orders VALUES (68);
INSERT INTO public.orders VALUES (69);
INSERT INTO public.orders VALUES (70);
INSERT INTO public.orders VALUES (71);
INSERT INTO public.orders VALUES (72);
INSERT INTO public.orders VALUES (73);
INSERT INTO public.orders VALUES (74);
INSERT INTO public.orders VALUES (75);
INSERT INTO public.orders VALUES (76);
INSERT INTO public.orders VALUES (77);
INSERT INTO public.orders VALUES (78);
INSERT INTO public.orders VALUES (79);
INSERT INTO public.orders VALUES (80);
INSERT INTO public.orders VALUES (81);
INSERT INTO public.orders VALUES (82);
INSERT INTO public.orders VALUES (83);
INSERT INTO public.orders VALUES (84);
INSERT INTO public.orders VALUES (85);
INSERT INTO public.orders VALUES (86);
INSERT INTO public.orders VALUES (87);
INSERT INTO public.orders VALUES (88);
INSERT INTO public.orders VALUES (89);
INSERT INTO public.orders VALUES (90);
INSERT INTO public.orders VALUES (91);
INSERT INTO public.orders VALUES (92);
INSERT INTO public.orders VALUES (93);
INSERT INTO public.orders VALUES (94);
INSERT INTO public.orders VALUES (95);
INSERT INTO public.orders VALUES (96);
INSERT INTO public.orders VALUES (97);
INSERT INTO public.orders VALUES (98);
INSERT INTO public.orders VALUES (99);
INSERT INTO public.orders VALUES (100);


--
-- Data for Name: package_types; Type: TABLE DATA; Schema: public; Owner: postgres
--

INSERT INTO public.package_types VALUES (1, 'Europaleta');
INSERT INTO public.package_types VALUES (2, 'Paleta 40x40');
INSERT INTO public.package_types VALUES (3, 'Karton 20x20');
INSERT INTO public.package_types VALUES (4, 'Karton 30x20');
INSERT INTO public.package_types VALUES (5, 'Karton 40x20');
INSERT INTO public.package_types VALUES (6, 'Karton 100x300');
INSERT INTO public.package_types VALUES (7, 'Termika A');
INSERT INTO public.package_types VALUES (8, 'Termika B');
INSERT INTO public.package_types VALUES (9, 'Termika C');
INSERT INTO public.package_types VALUES (10, 'Termika D');


--
-- Data for Name: packages; Type: TABLE DATA; Schema: public; Owner: postgres
--

INSERT INTO public.packages VALUES (1, 'Package descriptions 1 package_r is 1', 70, 2);
INSERT INTO public.packages VALUES (2, 'Package descriptions 1 package_r is 2', 49, 2);
INSERT INTO public.packages VALUES (3, 'Package descriptions 1 package_r is 3', 28, 6);
INSERT INTO public.packages VALUES (4, 'Package descriptions 1 package_r is 4', 86, 8);
INSERT INTO public.packages VALUES (5, 'Package descriptions 1 package_r is 5', 58, 1);
INSERT INTO public.packages VALUES (6, 'Package descriptions 1 package_r is 6', 57, 9);
INSERT INTO public.packages VALUES (7, 'Package descriptions 1 package_r is 7', 12, 3);
INSERT INTO public.packages VALUES (8, 'Package descriptions 1 package_r is 8', 94, 7);
INSERT INTO public.packages VALUES (9, 'Package descriptions 1 package_r is 9', 90, 2);
INSERT INTO public.packages VALUES (10, 'Package descriptions 1 package_r is 10', 10, 8);
INSERT INTO public.packages VALUES (11, 'Package descriptions 2 package_r is 1', 25, 9);
INSERT INTO public.packages VALUES (12, 'Package descriptions 2 package_r is 2', 31, 6);
INSERT INTO public.packages VALUES (13, 'Package descriptions 2 package_r is 3', 93, 2);
INSERT INTO public.packages VALUES (14, 'Package descriptions 2 package_r is 4', 34, 6);
INSERT INTO public.packages VALUES (15, 'Package descriptions 2 package_r is 5', 71, 2);
INSERT INTO public.packages VALUES (16, 'Package descriptions 2 package_r is 6', 53, 1);
INSERT INTO public.packages VALUES (17, 'Package descriptions 2 package_r is 7', 77, 10);
INSERT INTO public.packages VALUES (18, 'Package descriptions 2 package_r is 8', 28, 4);
INSERT INTO public.packages VALUES (19, 'Package descriptions 2 package_r is 9', 66, 2);
INSERT INTO public.packages VALUES (20, 'Package descriptions 2 package_r is 10', 5, 2);
INSERT INTO public.packages VALUES (21, 'Package descriptions 3 package_r is 1', 47, 7);
INSERT INTO public.packages VALUES (22, 'Package descriptions 3 package_r is 2', 69, 6);
INSERT INTO public.packages VALUES (23, 'Package descriptions 3 package_r is 3', 3, 6);
INSERT INTO public.packages VALUES (24, 'Package descriptions 3 package_r is 4', 73, 2);
INSERT INTO public.packages VALUES (25, 'Package descriptions 3 package_r is 5', 43, 3);
INSERT INTO public.packages VALUES (26, 'Package descriptions 3 package_r is 6', 66, 2);
INSERT INTO public.packages VALUES (27, 'Package descriptions 3 package_r is 7', 36, 2);
INSERT INTO public.packages VALUES (28, 'Package descriptions 3 package_r is 8', 11, 6);
INSERT INTO public.packages VALUES (29, 'Package descriptions 3 package_r is 9', 51, 2);
INSERT INTO public.packages VALUES (30, 'Package descriptions 3 package_r is 10', 83, 1);
INSERT INTO public.packages VALUES (31, 'Package descriptions 4 package_r is 1', 2, 8);
INSERT INTO public.packages VALUES (32, 'Package descriptions 4 package_r is 2', 56, 4);
INSERT INTO public.packages VALUES (33, 'Package descriptions 4 package_r is 3', 6, 3);
INSERT INTO public.packages VALUES (34, 'Package descriptions 4 package_r is 4', 98, 9);
INSERT INTO public.packages VALUES (35, 'Package descriptions 4 package_r is 5', 66, 8);
INSERT INTO public.packages VALUES (36, 'Package descriptions 4 package_r is 6', 21, 5);
INSERT INTO public.packages VALUES (37, 'Package descriptions 4 package_r is 7', 77, 4);
INSERT INTO public.packages VALUES (38, 'Package descriptions 4 package_r is 8', 31, 3);
INSERT INTO public.packages VALUES (39, 'Package descriptions 4 package_r is 9', 83, 6);
INSERT INTO public.packages VALUES (40, 'Package descriptions 4 package_r is 10', 30, 9);
INSERT INTO public.packages VALUES (41, 'Package descriptions 5 package_r is 1', 30, 4);
INSERT INTO public.packages VALUES (42, 'Package descriptions 5 package_r is 2', 92, 1);
INSERT INTO public.packages VALUES (43, 'Package descriptions 5 package_r is 3', 10, 10);
INSERT INTO public.packages VALUES (44, 'Package descriptions 5 package_r is 4', 97, 7);
INSERT INTO public.packages VALUES (45, 'Package descriptions 5 package_r is 5', 10, 5);
INSERT INTO public.packages VALUES (46, 'Package descriptions 5 package_r is 6', 13, 6);
INSERT INTO public.packages VALUES (47, 'Package descriptions 5 package_r is 7', 1, 6);
INSERT INTO public.packages VALUES (48, 'Package descriptions 5 package_r is 8', 71, 9);
INSERT INTO public.packages VALUES (49, 'Package descriptions 5 package_r is 9', 13, 10);
INSERT INTO public.packages VALUES (50, 'Package descriptions 5 package_r is 10', 10, 5);
INSERT INTO public.packages VALUES (51, 'Package descriptions 6 package_r is 1', 81, 2);
INSERT INTO public.packages VALUES (52, 'Package descriptions 6 package_r is 2', 7, 9);
INSERT INTO public.packages VALUES (53, 'Package descriptions 6 package_r is 3', 7, 1);
INSERT INTO public.packages VALUES (54, 'Package descriptions 6 package_r is 4', 11, 7);
INSERT INTO public.packages VALUES (55, 'Package descriptions 6 package_r is 5', 63, 5);
INSERT INTO public.packages VALUES (56, 'Package descriptions 6 package_r is 6', 44, 3);
INSERT INTO public.packages VALUES (57, 'Package descriptions 6 package_r is 7', 84, 9);
INSERT INTO public.packages VALUES (58, 'Package descriptions 6 package_r is 8', 72, 1);
INSERT INTO public.packages VALUES (59, 'Package descriptions 6 package_r is 9', 56, 7);
INSERT INTO public.packages VALUES (60, 'Package descriptions 6 package_r is 10', 8, 1);
INSERT INTO public.packages VALUES (61, 'Package descriptions 7 package_r is 1', 41, 7);
INSERT INTO public.packages VALUES (62, 'Package descriptions 7 package_r is 2', 33, 4);
INSERT INTO public.packages VALUES (63, 'Package descriptions 7 package_r is 3', 86, 9);
INSERT INTO public.packages VALUES (64, 'Package descriptions 7 package_r is 4', 2, 6);
INSERT INTO public.packages VALUES (65, 'Package descriptions 7 package_r is 5', 18, 7);
INSERT INTO public.packages VALUES (66, 'Package descriptions 7 package_r is 6', 38, 3);
INSERT INTO public.packages VALUES (67, 'Package descriptions 7 package_r is 7', 30, 7);
INSERT INTO public.packages VALUES (68, 'Package descriptions 7 package_r is 8', 3, 2);
INSERT INTO public.packages VALUES (69, 'Package descriptions 7 package_r is 9', 42, 8);
INSERT INTO public.packages VALUES (70, 'Package descriptions 7 package_r is 10', 46, 1);
INSERT INTO public.packages VALUES (71, 'Package descriptions 8 package_r is 1', 57, 7);
INSERT INTO public.packages VALUES (72, 'Package descriptions 8 package_r is 2', 98, 6);
INSERT INTO public.packages VALUES (73, 'Package descriptions 8 package_r is 3', 88, 5);
INSERT INTO public.packages VALUES (74, 'Package descriptions 8 package_r is 4', 77, 8);
INSERT INTO public.packages VALUES (75, 'Package descriptions 8 package_r is 5', 43, 6);
INSERT INTO public.packages VALUES (76, 'Package descriptions 8 package_r is 6', 44, 2);
INSERT INTO public.packages VALUES (77, 'Package descriptions 8 package_r is 7', 52, 10);
INSERT INTO public.packages VALUES (78, 'Package descriptions 8 package_r is 8', 80, 10);
INSERT INTO public.packages VALUES (79, 'Package descriptions 8 package_r is 9', 45, 10);
INSERT INTO public.packages VALUES (80, 'Package descriptions 8 package_r is 10', 66, 9);
INSERT INTO public.packages VALUES (81, 'Package descriptions 9 package_r is 1', 33, 2);
INSERT INTO public.packages VALUES (82, 'Package descriptions 9 package_r is 2', 93, 8);
INSERT INTO public.packages VALUES (83, 'Package descriptions 9 package_r is 3', 1, 3);
INSERT INTO public.packages VALUES (84, 'Package descriptions 9 package_r is 4', 13, 7);
INSERT INTO public.packages VALUES (85, 'Package descriptions 9 package_r is 5', 81, 8);
INSERT INTO public.packages VALUES (86, 'Package descriptions 9 package_r is 6', 62, 8);
INSERT INTO public.packages VALUES (87, 'Package descriptions 9 package_r is 7', 58, 1);
INSERT INTO public.packages VALUES (88, 'Package descriptions 9 package_r is 8', 33, 2);
INSERT INTO public.packages VALUES (89, 'Package descriptions 9 package_r is 9', 77, 6);
INSERT INTO public.packages VALUES (90, 'Package descriptions 9 package_r is 10', 58, 5);
INSERT INTO public.packages VALUES (91, 'Package descriptions 10 package_r is 1', 33, 2);
INSERT INTO public.packages VALUES (92, 'Package descriptions 10 package_r is 2', 72, 4);
INSERT INTO public.packages VALUES (93, 'Package descriptions 10 package_r is 3', 36, 5);
INSERT INTO public.packages VALUES (94, 'Package descriptions 10 package_r is 4', 29, 7);
INSERT INTO public.packages VALUES (95, 'Package descriptions 10 package_r is 5', 26, 10);
INSERT INTO public.packages VALUES (96, 'Package descriptions 10 package_r is 6', 70, 4);
INSERT INTO public.packages VALUES (97, 'Package descriptions 10 package_r is 7', 15, 7);
INSERT INTO public.packages VALUES (98, 'Package descriptions 10 package_r is 8', 23, 2);
INSERT INTO public.packages VALUES (99, 'Package descriptions 10 package_r is 9', 71, 8);
INSERT INTO public.packages VALUES (100, 'Package descriptions 10 package_r is 10', 9, 5);
INSERT INTO public.packages VALUES (101, 'Package descriptions 11 package_r is 1', 9, 8);
INSERT INTO public.packages VALUES (102, 'Package descriptions 11 package_r is 2', 10, 4);
INSERT INTO public.packages VALUES (103, 'Package descriptions 11 package_r is 3', 55, 10);
INSERT INTO public.packages VALUES (104, 'Package descriptions 11 package_r is 4', 91, 4);
INSERT INTO public.packages VALUES (105, 'Package descriptions 11 package_r is 5', 96, 3);
INSERT INTO public.packages VALUES (106, 'Package descriptions 11 package_r is 6', 31, 4);
INSERT INTO public.packages VALUES (107, 'Package descriptions 11 package_r is 7', 73, 8);
INSERT INTO public.packages VALUES (108, 'Package descriptions 11 package_r is 8', 67, 7);
INSERT INTO public.packages VALUES (109, 'Package descriptions 11 package_r is 9', 67, 7);
INSERT INTO public.packages VALUES (110, 'Package descriptions 11 package_r is 10', 22, 7);
INSERT INTO public.packages VALUES (111, 'Package descriptions 12 package_r is 1', 87, 10);
INSERT INTO public.packages VALUES (112, 'Package descriptions 12 package_r is 2', 21, 10);
INSERT INTO public.packages VALUES (113, 'Package descriptions 12 package_r is 3', 79, 4);
INSERT INTO public.packages VALUES (114, 'Package descriptions 12 package_r is 4', 10, 3);
INSERT INTO public.packages VALUES (115, 'Package descriptions 12 package_r is 5', 13, 1);
INSERT INTO public.packages VALUES (116, 'Package descriptions 12 package_r is 6', 39, 6);
INSERT INTO public.packages VALUES (117, 'Package descriptions 12 package_r is 7', 54, 8);
INSERT INTO public.packages VALUES (118, 'Package descriptions 12 package_r is 8', 93, 7);
INSERT INTO public.packages VALUES (119, 'Package descriptions 12 package_r is 9', 90, 4);
INSERT INTO public.packages VALUES (120, 'Package descriptions 12 package_r is 10', 93, 7);
INSERT INTO public.packages VALUES (121, 'Package descriptions 13 package_r is 1', 79, 8);
INSERT INTO public.packages VALUES (122, 'Package descriptions 13 package_r is 2', 31, 1);
INSERT INTO public.packages VALUES (123, 'Package descriptions 13 package_r is 3', 93, 8);
INSERT INTO public.packages VALUES (124, 'Package descriptions 13 package_r is 4', 40, 10);
INSERT INTO public.packages VALUES (125, 'Package descriptions 13 package_r is 5', 38, 10);
INSERT INTO public.packages VALUES (126, 'Package descriptions 13 package_r is 6', 94, 6);
INSERT INTO public.packages VALUES (127, 'Package descriptions 13 package_r is 7', 53, 9);
INSERT INTO public.packages VALUES (128, 'Package descriptions 13 package_r is 8', 31, 4);
INSERT INTO public.packages VALUES (129, 'Package descriptions 13 package_r is 9', 30, 3);
INSERT INTO public.packages VALUES (130, 'Package descriptions 13 package_r is 10', 14, 2);
INSERT INTO public.packages VALUES (131, 'Package descriptions 14 package_r is 1', 76, 8);
INSERT INTO public.packages VALUES (132, 'Package descriptions 14 package_r is 2', 78, 1);
INSERT INTO public.packages VALUES (133, 'Package descriptions 14 package_r is 3', 80, 5);
INSERT INTO public.packages VALUES (134, 'Package descriptions 14 package_r is 4', 69, 6);
INSERT INTO public.packages VALUES (135, 'Package descriptions 14 package_r is 5', 56, 5);
INSERT INTO public.packages VALUES (136, 'Package descriptions 14 package_r is 6', 52, 9);
INSERT INTO public.packages VALUES (137, 'Package descriptions 14 package_r is 7', 28, 9);
INSERT INTO public.packages VALUES (138, 'Package descriptions 14 package_r is 8', 13, 2);
INSERT INTO public.packages VALUES (139, 'Package descriptions 14 package_r is 9', 25, 9);
INSERT INTO public.packages VALUES (140, 'Package descriptions 14 package_r is 10', 18, 3);
INSERT INTO public.packages VALUES (141, 'Package descriptions 15 package_r is 1', 31, 8);
INSERT INTO public.packages VALUES (142, 'Package descriptions 15 package_r is 2', 35, 9);
INSERT INTO public.packages VALUES (143, 'Package descriptions 15 package_r is 3', 67, 1);
INSERT INTO public.packages VALUES (144, 'Package descriptions 15 package_r is 4', 35, 10);
INSERT INTO public.packages VALUES (145, 'Package descriptions 15 package_r is 5', 66, 4);
INSERT INTO public.packages VALUES (146, 'Package descriptions 15 package_r is 6', 17, 3);
INSERT INTO public.packages VALUES (147, 'Package descriptions 15 package_r is 7', 94, 7);
INSERT INTO public.packages VALUES (148, 'Package descriptions 15 package_r is 8', 93, 3);
INSERT INTO public.packages VALUES (149, 'Package descriptions 15 package_r is 9', 93, 4);
INSERT INTO public.packages VALUES (150, 'Package descriptions 15 package_r is 10', 86, 8);
INSERT INTO public.packages VALUES (151, 'Package descriptions 16 package_r is 1', 99, 1);
INSERT INTO public.packages VALUES (152, 'Package descriptions 16 package_r is 2', 91, 1);
INSERT INTO public.packages VALUES (153, 'Package descriptions 16 package_r is 3', 73, 9);
INSERT INTO public.packages VALUES (154, 'Package descriptions 16 package_r is 4', 29, 6);
INSERT INTO public.packages VALUES (155, 'Package descriptions 16 package_r is 5', 3, 3);
INSERT INTO public.packages VALUES (156, 'Package descriptions 16 package_r is 6', 44, 9);
INSERT INTO public.packages VALUES (157, 'Package descriptions 16 package_r is 7', 38, 3);
INSERT INTO public.packages VALUES (158, 'Package descriptions 16 package_r is 8', 43, 2);
INSERT INTO public.packages VALUES (159, 'Package descriptions 16 package_r is 9', 99, 6);
INSERT INTO public.packages VALUES (160, 'Package descriptions 16 package_r is 10', 68, 10);
INSERT INTO public.packages VALUES (161, 'Package descriptions 17 package_r is 1', 24, 10);
INSERT INTO public.packages VALUES (162, 'Package descriptions 17 package_r is 2', 11, 4);
INSERT INTO public.packages VALUES (163, 'Package descriptions 17 package_r is 3', 56, 10);
INSERT INTO public.packages VALUES (164, 'Package descriptions 17 package_r is 4', 59, 6);
INSERT INTO public.packages VALUES (165, 'Package descriptions 17 package_r is 5', 2, 7);
INSERT INTO public.packages VALUES (166, 'Package descriptions 17 package_r is 6', 10, 6);
INSERT INTO public.packages VALUES (167, 'Package descriptions 17 package_r is 7', 61, 9);
INSERT INTO public.packages VALUES (168, 'Package descriptions 17 package_r is 8', 63, 8);
INSERT INTO public.packages VALUES (169, 'Package descriptions 17 package_r is 9', 49, 6);
INSERT INTO public.packages VALUES (170, 'Package descriptions 17 package_r is 10', 33, 8);
INSERT INTO public.packages VALUES (171, 'Package descriptions 18 package_r is 1', 34, 7);
INSERT INTO public.packages VALUES (172, 'Package descriptions 18 package_r is 2', 38, 4);
INSERT INTO public.packages VALUES (173, 'Package descriptions 18 package_r is 3', 48, 1);
INSERT INTO public.packages VALUES (174, 'Package descriptions 18 package_r is 4', 29, 9);
INSERT INTO public.packages VALUES (175, 'Package descriptions 18 package_r is 5', 31, 1);
INSERT INTO public.packages VALUES (176, 'Package descriptions 18 package_r is 6', 31, 2);
INSERT INTO public.packages VALUES (177, 'Package descriptions 18 package_r is 7', 88, 3);
INSERT INTO public.packages VALUES (178, 'Package descriptions 18 package_r is 8', 70, 4);
INSERT INTO public.packages VALUES (179, 'Package descriptions 18 package_r is 9', 65, 8);
INSERT INTO public.packages VALUES (180, 'Package descriptions 18 package_r is 10', 10, 6);
INSERT INTO public.packages VALUES (181, 'Package descriptions 19 package_r is 1', 98, 4);
INSERT INTO public.packages VALUES (182, 'Package descriptions 19 package_r is 2', 16, 8);
INSERT INTO public.packages VALUES (183, 'Package descriptions 19 package_r is 3', 66, 7);
INSERT INTO public.packages VALUES (184, 'Package descriptions 19 package_r is 4', 51, 5);
INSERT INTO public.packages VALUES (185, 'Package descriptions 19 package_r is 5', 27, 1);
INSERT INTO public.packages VALUES (186, 'Package descriptions 19 package_r is 6', 23, 1);
INSERT INTO public.packages VALUES (187, 'Package descriptions 19 package_r is 7', 32, 8);
INSERT INTO public.packages VALUES (188, 'Package descriptions 19 package_r is 8', 72, 1);
INSERT INTO public.packages VALUES (189, 'Package descriptions 19 package_r is 9', 21, 6);
INSERT INTO public.packages VALUES (190, 'Package descriptions 19 package_r is 10', 69, 8);
INSERT INTO public.packages VALUES (191, 'Package descriptions 20 package_r is 1', 40, 10);
INSERT INTO public.packages VALUES (192, 'Package descriptions 20 package_r is 2', 22, 7);
INSERT INTO public.packages VALUES (193, 'Package descriptions 20 package_r is 3', 19, 4);
INSERT INTO public.packages VALUES (194, 'Package descriptions 20 package_r is 4', 77, 7);
INSERT INTO public.packages VALUES (195, 'Package descriptions 20 package_r is 5', 48, 7);
INSERT INTO public.packages VALUES (196, 'Package descriptions 20 package_r is 6', 45, 9);
INSERT INTO public.packages VALUES (197, 'Package descriptions 20 package_r is 7', 60, 1);
INSERT INTO public.packages VALUES (198, 'Package descriptions 20 package_r is 8', 53, 7);
INSERT INTO public.packages VALUES (199, 'Package descriptions 20 package_r is 9', 18, 2);
INSERT INTO public.packages VALUES (200, 'Package descriptions 20 package_r is 10', 101, 10);
INSERT INTO public.packages VALUES (201, 'Package descriptions 21 package_r is 1', 43, 1);
INSERT INTO public.packages VALUES (202, 'Package descriptions 21 package_r is 2', 92, 8);
INSERT INTO public.packages VALUES (203, 'Package descriptions 21 package_r is 3', 67, 9);
INSERT INTO public.packages VALUES (204, 'Package descriptions 21 package_r is 4', 39, 3);
INSERT INTO public.packages VALUES (205, 'Package descriptions 21 package_r is 5', 57, 8);
INSERT INTO public.packages VALUES (206, 'Package descriptions 21 package_r is 6', 45, 5);
INSERT INTO public.packages VALUES (207, 'Package descriptions 21 package_r is 7', 14, 6);
INSERT INTO public.packages VALUES (208, 'Package descriptions 21 package_r is 8', 73, 4);
INSERT INTO public.packages VALUES (209, 'Package descriptions 21 package_r is 9', 52, 8);
INSERT INTO public.packages VALUES (210, 'Package descriptions 21 package_r is 10', 94, 5);
INSERT INTO public.packages VALUES (211, 'Package descriptions 22 package_r is 1', 42, 1);
INSERT INTO public.packages VALUES (212, 'Package descriptions 22 package_r is 2', 23, 6);
INSERT INTO public.packages VALUES (213, 'Package descriptions 22 package_r is 3', 16, 7);
INSERT INTO public.packages VALUES (214, 'Package descriptions 22 package_r is 4', 4, 6);
INSERT INTO public.packages VALUES (215, 'Package descriptions 22 package_r is 5', 2, 10);
INSERT INTO public.packages VALUES (216, 'Package descriptions 22 package_r is 6', 52, 7);
INSERT INTO public.packages VALUES (217, 'Package descriptions 22 package_r is 7', 34, 5);
INSERT INTO public.packages VALUES (218, 'Package descriptions 22 package_r is 8', 46, 1);
INSERT INTO public.packages VALUES (219, 'Package descriptions 22 package_r is 9', 93, 1);
INSERT INTO public.packages VALUES (220, 'Package descriptions 22 package_r is 10', 94, 9);
INSERT INTO public.packages VALUES (221, 'Package descriptions 23 package_r is 1', 39, 10);
INSERT INTO public.packages VALUES (222, 'Package descriptions 23 package_r is 2', 64, 2);
INSERT INTO public.packages VALUES (223, 'Package descriptions 23 package_r is 3', 46, 8);
INSERT INTO public.packages VALUES (224, 'Package descriptions 23 package_r is 4', 11, 9);
INSERT INTO public.packages VALUES (225, 'Package descriptions 23 package_r is 5', 84, 4);
INSERT INTO public.packages VALUES (226, 'Package descriptions 23 package_r is 6', 81, 8);
INSERT INTO public.packages VALUES (227, 'Package descriptions 23 package_r is 7', 53, 5);
INSERT INTO public.packages VALUES (228, 'Package descriptions 23 package_r is 8', 87, 6);
INSERT INTO public.packages VALUES (229, 'Package descriptions 23 package_r is 9', 15, 7);
INSERT INTO public.packages VALUES (230, 'Package descriptions 23 package_r is 10', 38, 1);
INSERT INTO public.packages VALUES (231, 'Package descriptions 24 package_r is 1', 91, 3);
INSERT INTO public.packages VALUES (232, 'Package descriptions 24 package_r is 2', 53, 4);
INSERT INTO public.packages VALUES (233, 'Package descriptions 24 package_r is 3', 62, 1);
INSERT INTO public.packages VALUES (234, 'Package descriptions 24 package_r is 4', 87, 2);
INSERT INTO public.packages VALUES (235, 'Package descriptions 24 package_r is 5', 29, 4);
INSERT INTO public.packages VALUES (236, 'Package descriptions 24 package_r is 6', 70, 6);
INSERT INTO public.packages VALUES (237, 'Package descriptions 24 package_r is 7', 27, 4);
INSERT INTO public.packages VALUES (238, 'Package descriptions 24 package_r is 8', 93, 1);
INSERT INTO public.packages VALUES (239, 'Package descriptions 24 package_r is 9', 87, 3);
INSERT INTO public.packages VALUES (240, 'Package descriptions 24 package_r is 10', 14, 3);
INSERT INTO public.packages VALUES (241, 'Package descriptions 25 package_r is 1', 60, 7);
INSERT INTO public.packages VALUES (242, 'Package descriptions 25 package_r is 2', 50, 3);
INSERT INTO public.packages VALUES (243, 'Package descriptions 25 package_r is 3', 97, 8);
INSERT INTO public.packages VALUES (244, 'Package descriptions 25 package_r is 4', 9, 5);
INSERT INTO public.packages VALUES (245, 'Package descriptions 25 package_r is 5', 62, 7);
INSERT INTO public.packages VALUES (246, 'Package descriptions 25 package_r is 6', 58, 7);
INSERT INTO public.packages VALUES (247, 'Package descriptions 25 package_r is 7', 52, 5);
INSERT INTO public.packages VALUES (248, 'Package descriptions 25 package_r is 8', 89, 6);
INSERT INTO public.packages VALUES (249, 'Package descriptions 25 package_r is 9', 77, 6);
INSERT INTO public.packages VALUES (250, 'Package descriptions 25 package_r is 10', 75, 9);
INSERT INTO public.packages VALUES (251, 'Package descriptions 26 package_r is 1', 93, 9);
INSERT INTO public.packages VALUES (252, 'Package descriptions 26 package_r is 2', 70, 9);
INSERT INTO public.packages VALUES (253, 'Package descriptions 26 package_r is 3', 75, 5);
INSERT INTO public.packages VALUES (254, 'Package descriptions 26 package_r is 4', 52, 9);
INSERT INTO public.packages VALUES (255, 'Package descriptions 26 package_r is 5', 9, 8);
INSERT INTO public.packages VALUES (256, 'Package descriptions 26 package_r is 6', 52, 8);
INSERT INTO public.packages VALUES (257, 'Package descriptions 26 package_r is 7', 37, 8);
INSERT INTO public.packages VALUES (258, 'Package descriptions 26 package_r is 8', 89, 3);
INSERT INTO public.packages VALUES (259, 'Package descriptions 26 package_r is 9', 4, 10);
INSERT INTO public.packages VALUES (260, 'Package descriptions 26 package_r is 10', 9, 1);
INSERT INTO public.packages VALUES (261, 'Package descriptions 27 package_r is 1', 55, 8);
INSERT INTO public.packages VALUES (262, 'Package descriptions 27 package_r is 2', 68, 8);
INSERT INTO public.packages VALUES (263, 'Package descriptions 27 package_r is 3', 84, 3);
INSERT INTO public.packages VALUES (264, 'Package descriptions 27 package_r is 4', 42, 10);
INSERT INTO public.packages VALUES (265, 'Package descriptions 27 package_r is 5', 101, 8);
INSERT INTO public.packages VALUES (266, 'Package descriptions 27 package_r is 6', 25, 5);
INSERT INTO public.packages VALUES (267, 'Package descriptions 27 package_r is 7', 28, 10);
INSERT INTO public.packages VALUES (268, 'Package descriptions 27 package_r is 8', 54, 6);
INSERT INTO public.packages VALUES (269, 'Package descriptions 27 package_r is 9', 30, 8);
INSERT INTO public.packages VALUES (270, 'Package descriptions 27 package_r is 10', 79, 7);
INSERT INTO public.packages VALUES (271, 'Package descriptions 28 package_r is 1', 67, 4);
INSERT INTO public.packages VALUES (272, 'Package descriptions 28 package_r is 2', 19, 6);
INSERT INTO public.packages VALUES (273, 'Package descriptions 28 package_r is 3', 37, 10);
INSERT INTO public.packages VALUES (274, 'Package descriptions 28 package_r is 4', 29, 3);
INSERT INTO public.packages VALUES (275, 'Package descriptions 28 package_r is 5', 53, 6);
INSERT INTO public.packages VALUES (276, 'Package descriptions 28 package_r is 6', 80, 9);
INSERT INTO public.packages VALUES (277, 'Package descriptions 28 package_r is 7', 38, 8);
INSERT INTO public.packages VALUES (278, 'Package descriptions 28 package_r is 8', 42, 3);
INSERT INTO public.packages VALUES (279, 'Package descriptions 28 package_r is 9', 13, 7);
INSERT INTO public.packages VALUES (280, 'Package descriptions 28 package_r is 10', 60, 6);
INSERT INTO public.packages VALUES (281, 'Package descriptions 29 package_r is 1', 12, 8);
INSERT INTO public.packages VALUES (282, 'Package descriptions 29 package_r is 2', 72, 10);
INSERT INTO public.packages VALUES (283, 'Package descriptions 29 package_r is 3', 26, 8);
INSERT INTO public.packages VALUES (284, 'Package descriptions 29 package_r is 4', 80, 4);
INSERT INTO public.packages VALUES (285, 'Package descriptions 29 package_r is 5', 36, 4);
INSERT INTO public.packages VALUES (286, 'Package descriptions 29 package_r is 6', 12, 2);
INSERT INTO public.packages VALUES (287, 'Package descriptions 29 package_r is 7', 63, 3);
INSERT INTO public.packages VALUES (288, 'Package descriptions 29 package_r is 8', 76, 9);
INSERT INTO public.packages VALUES (289, 'Package descriptions 29 package_r is 9', 63, 4);
INSERT INTO public.packages VALUES (290, 'Package descriptions 29 package_r is 10', 92, 6);
INSERT INTO public.packages VALUES (291, 'Package descriptions 30 package_r is 1', 31, 8);
INSERT INTO public.packages VALUES (292, 'Package descriptions 30 package_r is 2', 78, 6);
INSERT INTO public.packages VALUES (293, 'Package descriptions 30 package_r is 3', 29, 9);
INSERT INTO public.packages VALUES (294, 'Package descriptions 30 package_r is 4', 81, 5);
INSERT INTO public.packages VALUES (295, 'Package descriptions 30 package_r is 5', 3, 8);
INSERT INTO public.packages VALUES (296, 'Package descriptions 30 package_r is 6', 26, 6);
INSERT INTO public.packages VALUES (297, 'Package descriptions 30 package_r is 7', 36, 6);
INSERT INTO public.packages VALUES (298, 'Package descriptions 30 package_r is 8', 13, 7);
INSERT INTO public.packages VALUES (299, 'Package descriptions 30 package_r is 9', 18, 10);
INSERT INTO public.packages VALUES (300, 'Package descriptions 30 package_r is 10', 39, 1);
INSERT INTO public.packages VALUES (301, 'Package descriptions 31 package_r is 1', 8, 2);
INSERT INTO public.packages VALUES (302, 'Package descriptions 31 package_r is 2', 34, 3);
INSERT INTO public.packages VALUES (303, 'Package descriptions 31 package_r is 3', 76, 7);
INSERT INTO public.packages VALUES (304, 'Package descriptions 31 package_r is 4', 100, 1);
INSERT INTO public.packages VALUES (305, 'Package descriptions 31 package_r is 5', 17, 1);
INSERT INTO public.packages VALUES (306, 'Package descriptions 31 package_r is 6', 73, 6);
INSERT INTO public.packages VALUES (307, 'Package descriptions 31 package_r is 7', 89, 8);
INSERT INTO public.packages VALUES (308, 'Package descriptions 31 package_r is 8', 53, 4);
INSERT INTO public.packages VALUES (309, 'Package descriptions 31 package_r is 9', 57, 8);
INSERT INTO public.packages VALUES (310, 'Package descriptions 31 package_r is 10', 47, 8);
INSERT INTO public.packages VALUES (311, 'Package descriptions 32 package_r is 1', 66, 9);
INSERT INTO public.packages VALUES (312, 'Package descriptions 32 package_r is 2', 14, 10);
INSERT INTO public.packages VALUES (313, 'Package descriptions 32 package_r is 3', 53, 1);
INSERT INTO public.packages VALUES (314, 'Package descriptions 32 package_r is 4', 30, 5);
INSERT INTO public.packages VALUES (315, 'Package descriptions 32 package_r is 5', 93, 2);
INSERT INTO public.packages VALUES (316, 'Package descriptions 32 package_r is 6', 6, 8);
INSERT INTO public.packages VALUES (317, 'Package descriptions 32 package_r is 7', 86, 9);
INSERT INTO public.packages VALUES (318, 'Package descriptions 32 package_r is 8', 81, 4);
INSERT INTO public.packages VALUES (319, 'Package descriptions 32 package_r is 9', 18, 10);
INSERT INTO public.packages VALUES (320, 'Package descriptions 32 package_r is 10', 70, 9);
INSERT INTO public.packages VALUES (321, 'Package descriptions 33 package_r is 1', 90, 6);
INSERT INTO public.packages VALUES (322, 'Package descriptions 33 package_r is 2', 83, 3);
INSERT INTO public.packages VALUES (323, 'Package descriptions 33 package_r is 3', 79, 8);
INSERT INTO public.packages VALUES (324, 'Package descriptions 33 package_r is 4', 62, 3);
INSERT INTO public.packages VALUES (325, 'Package descriptions 33 package_r is 5', 49, 10);
INSERT INTO public.packages VALUES (326, 'Package descriptions 33 package_r is 6', 42, 10);
INSERT INTO public.packages VALUES (327, 'Package descriptions 33 package_r is 7', 65, 7);
INSERT INTO public.packages VALUES (328, 'Package descriptions 33 package_r is 8', 98, 5);
INSERT INTO public.packages VALUES (329, 'Package descriptions 33 package_r is 9', 98, 9);
INSERT INTO public.packages VALUES (330, 'Package descriptions 33 package_r is 10', 23, 4);
INSERT INTO public.packages VALUES (331, 'Package descriptions 34 package_r is 1', 101, 10);
INSERT INTO public.packages VALUES (332, 'Package descriptions 34 package_r is 2', 55, 3);
INSERT INTO public.packages VALUES (333, 'Package descriptions 34 package_r is 3', 44, 10);
INSERT INTO public.packages VALUES (334, 'Package descriptions 34 package_r is 4', 42, 6);
INSERT INTO public.packages VALUES (335, 'Package descriptions 34 package_r is 5', 5, 4);
INSERT INTO public.packages VALUES (336, 'Package descriptions 34 package_r is 6', 94, 3);
INSERT INTO public.packages VALUES (337, 'Package descriptions 34 package_r is 7', 6, 5);
INSERT INTO public.packages VALUES (338, 'Package descriptions 34 package_r is 8', 81, 4);
INSERT INTO public.packages VALUES (339, 'Package descriptions 34 package_r is 9', 38, 10);
INSERT INTO public.packages VALUES (340, 'Package descriptions 34 package_r is 10', 4, 1);
INSERT INTO public.packages VALUES (341, 'Package descriptions 35 package_r is 1', 91, 4);
INSERT INTO public.packages VALUES (342, 'Package descriptions 35 package_r is 2', 49, 2);
INSERT INTO public.packages VALUES (343, 'Package descriptions 35 package_r is 3', 34, 10);
INSERT INTO public.packages VALUES (344, 'Package descriptions 35 package_r is 4', 2, 1);
INSERT INTO public.packages VALUES (345, 'Package descriptions 35 package_r is 5', 24, 5);
INSERT INTO public.packages VALUES (346, 'Package descriptions 35 package_r is 6', 82, 1);
INSERT INTO public.packages VALUES (347, 'Package descriptions 35 package_r is 7', 93, 5);
INSERT INTO public.packages VALUES (348, 'Package descriptions 35 package_r is 8', 30, 6);
INSERT INTO public.packages VALUES (349, 'Package descriptions 35 package_r is 9', 8, 7);
INSERT INTO public.packages VALUES (350, 'Package descriptions 35 package_r is 10', 35, 9);
INSERT INTO public.packages VALUES (351, 'Package descriptions 36 package_r is 1', 39, 6);
INSERT INTO public.packages VALUES (352, 'Package descriptions 36 package_r is 2', 23, 3);
INSERT INTO public.packages VALUES (353, 'Package descriptions 36 package_r is 3', 34, 9);
INSERT INTO public.packages VALUES (354, 'Package descriptions 36 package_r is 4', 28, 3);
INSERT INTO public.packages VALUES (355, 'Package descriptions 36 package_r is 5', 59, 10);
INSERT INTO public.packages VALUES (356, 'Package descriptions 36 package_r is 6', 90, 6);
INSERT INTO public.packages VALUES (357, 'Package descriptions 36 package_r is 7', 26, 9);
INSERT INTO public.packages VALUES (358, 'Package descriptions 36 package_r is 8', 43, 6);
INSERT INTO public.packages VALUES (359, 'Package descriptions 36 package_r is 9', 65, 9);
INSERT INTO public.packages VALUES (360, 'Package descriptions 36 package_r is 10', 75, 6);
INSERT INTO public.packages VALUES (361, 'Package descriptions 37 package_r is 1', 31, 7);
INSERT INTO public.packages VALUES (362, 'Package descriptions 37 package_r is 2', 88, 6);
INSERT INTO public.packages VALUES (363, 'Package descriptions 37 package_r is 3', 25, 3);
INSERT INTO public.packages VALUES (364, 'Package descriptions 37 package_r is 4', 9, 3);
INSERT INTO public.packages VALUES (365, 'Package descriptions 37 package_r is 5', 18, 5);
INSERT INTO public.packages VALUES (366, 'Package descriptions 37 package_r is 6', 30, 10);
INSERT INTO public.packages VALUES (367, 'Package descriptions 37 package_r is 7', 40, 1);
INSERT INTO public.packages VALUES (368, 'Package descriptions 37 package_r is 8', 99, 3);
INSERT INTO public.packages VALUES (369, 'Package descriptions 37 package_r is 9', 12, 5);
INSERT INTO public.packages VALUES (370, 'Package descriptions 37 package_r is 10', 47, 2);
INSERT INTO public.packages VALUES (371, 'Package descriptions 38 package_r is 1', 91, 4);
INSERT INTO public.packages VALUES (372, 'Package descriptions 38 package_r is 2', 71, 6);
INSERT INTO public.packages VALUES (373, 'Package descriptions 38 package_r is 3', 8, 5);
INSERT INTO public.packages VALUES (374, 'Package descriptions 38 package_r is 4', 88, 4);
INSERT INTO public.packages VALUES (375, 'Package descriptions 38 package_r is 5', 27, 7);
INSERT INTO public.packages VALUES (376, 'Package descriptions 38 package_r is 6', 67, 3);
INSERT INTO public.packages VALUES (377, 'Package descriptions 38 package_r is 7', 73, 5);
INSERT INTO public.packages VALUES (378, 'Package descriptions 38 package_r is 8', 98, 2);
INSERT INTO public.packages VALUES (379, 'Package descriptions 38 package_r is 9', 26, 9);
INSERT INTO public.packages VALUES (380, 'Package descriptions 38 package_r is 10', 93, 4);
INSERT INTO public.packages VALUES (381, 'Package descriptions 39 package_r is 1', 99, 4);
INSERT INTO public.packages VALUES (382, 'Package descriptions 39 package_r is 2', 86, 2);
INSERT INTO public.packages VALUES (383, 'Package descriptions 39 package_r is 3', 10, 3);
INSERT INTO public.packages VALUES (384, 'Package descriptions 39 package_r is 4', 10, 7);
INSERT INTO public.packages VALUES (385, 'Package descriptions 39 package_r is 5', 25, 3);
INSERT INTO public.packages VALUES (386, 'Package descriptions 39 package_r is 6', 97, 8);
INSERT INTO public.packages VALUES (387, 'Package descriptions 39 package_r is 7', 17, 1);
INSERT INTO public.packages VALUES (388, 'Package descriptions 39 package_r is 8', 52, 1);
INSERT INTO public.packages VALUES (389, 'Package descriptions 39 package_r is 9', 70, 2);
INSERT INTO public.packages VALUES (390, 'Package descriptions 39 package_r is 10', 86, 9);
INSERT INTO public.packages VALUES (391, 'Package descriptions 40 package_r is 1', 77, 8);
INSERT INTO public.packages VALUES (392, 'Package descriptions 40 package_r is 2', 68, 5);
INSERT INTO public.packages VALUES (393, 'Package descriptions 40 package_r is 3', 2, 10);
INSERT INTO public.packages VALUES (394, 'Package descriptions 40 package_r is 4', 40, 1);
INSERT INTO public.packages VALUES (395, 'Package descriptions 40 package_r is 5', 78, 4);
INSERT INTO public.packages VALUES (396, 'Package descriptions 40 package_r is 6', 19, 1);
INSERT INTO public.packages VALUES (397, 'Package descriptions 40 package_r is 7', 18, 1);
INSERT INTO public.packages VALUES (398, 'Package descriptions 40 package_r is 8', 57, 1);
INSERT INTO public.packages VALUES (399, 'Package descriptions 40 package_r is 9', 30, 1);
INSERT INTO public.packages VALUES (400, 'Package descriptions 40 package_r is 10', 3, 8);
INSERT INTO public.packages VALUES (401, 'Package descriptions 41 package_r is 1', 23, 8);
INSERT INTO public.packages VALUES (402, 'Package descriptions 41 package_r is 2', 78, 10);
INSERT INTO public.packages VALUES (403, 'Package descriptions 41 package_r is 3', 52, 10);
INSERT INTO public.packages VALUES (404, 'Package descriptions 41 package_r is 4', 62, 3);
INSERT INTO public.packages VALUES (405, 'Package descriptions 41 package_r is 5', 10, 4);
INSERT INTO public.packages VALUES (406, 'Package descriptions 41 package_r is 6', 78, 5);
INSERT INTO public.packages VALUES (407, 'Package descriptions 41 package_r is 7', 74, 3);
INSERT INTO public.packages VALUES (408, 'Package descriptions 41 package_r is 8', 91, 6);
INSERT INTO public.packages VALUES (409, 'Package descriptions 41 package_r is 9', 72, 9);
INSERT INTO public.packages VALUES (410, 'Package descriptions 41 package_r is 10', 88, 7);
INSERT INTO public.packages VALUES (411, 'Package descriptions 42 package_r is 1', 88, 6);
INSERT INTO public.packages VALUES (412, 'Package descriptions 42 package_r is 2', 8, 2);
INSERT INTO public.packages VALUES (413, 'Package descriptions 42 package_r is 3', 51, 7);
INSERT INTO public.packages VALUES (414, 'Package descriptions 42 package_r is 4', 27, 6);
INSERT INTO public.packages VALUES (415, 'Package descriptions 42 package_r is 5', 54, 10);
INSERT INTO public.packages VALUES (416, 'Package descriptions 42 package_r is 6', 68, 5);
INSERT INTO public.packages VALUES (417, 'Package descriptions 42 package_r is 7', 76, 3);
INSERT INTO public.packages VALUES (418, 'Package descriptions 42 package_r is 8', 97, 6);
INSERT INTO public.packages VALUES (419, 'Package descriptions 42 package_r is 9', 85, 5);
INSERT INTO public.packages VALUES (420, 'Package descriptions 42 package_r is 10', 7, 2);
INSERT INTO public.packages VALUES (421, 'Package descriptions 43 package_r is 1', 15, 10);
INSERT INTO public.packages VALUES (422, 'Package descriptions 43 package_r is 2', 2, 5);
INSERT INTO public.packages VALUES (423, 'Package descriptions 43 package_r is 3', 24, 4);
INSERT INTO public.packages VALUES (424, 'Package descriptions 43 package_r is 4', 68, 7);
INSERT INTO public.packages VALUES (425, 'Package descriptions 43 package_r is 5', 98, 6);
INSERT INTO public.packages VALUES (426, 'Package descriptions 43 package_r is 6', 100, 6);
INSERT INTO public.packages VALUES (427, 'Package descriptions 43 package_r is 7', 18, 9);
INSERT INTO public.packages VALUES (428, 'Package descriptions 43 package_r is 8', 91, 6);
INSERT INTO public.packages VALUES (429, 'Package descriptions 43 package_r is 9', 63, 1);
INSERT INTO public.packages VALUES (430, 'Package descriptions 43 package_r is 10', 59, 5);
INSERT INTO public.packages VALUES (431, 'Package descriptions 44 package_r is 1', 43, 3);
INSERT INTO public.packages VALUES (432, 'Package descriptions 44 package_r is 2', 95, 8);
INSERT INTO public.packages VALUES (433, 'Package descriptions 44 package_r is 3', 79, 2);
INSERT INTO public.packages VALUES (434, 'Package descriptions 44 package_r is 4', 5, 1);
INSERT INTO public.packages VALUES (435, 'Package descriptions 44 package_r is 5', 94, 3);
INSERT INTO public.packages VALUES (436, 'Package descriptions 44 package_r is 6', 27, 8);
INSERT INTO public.packages VALUES (437, 'Package descriptions 44 package_r is 7', 94, 1);
INSERT INTO public.packages VALUES (438, 'Package descriptions 44 package_r is 8', 100, 7);
INSERT INTO public.packages VALUES (439, 'Package descriptions 44 package_r is 9', 95, 4);
INSERT INTO public.packages VALUES (440, 'Package descriptions 44 package_r is 10', 19, 4);
INSERT INTO public.packages VALUES (441, 'Package descriptions 45 package_r is 1', 100, 3);
INSERT INTO public.packages VALUES (442, 'Package descriptions 45 package_r is 2', 64, 3);
INSERT INTO public.packages VALUES (443, 'Package descriptions 45 package_r is 3', 15, 8);
INSERT INTO public.packages VALUES (444, 'Package descriptions 45 package_r is 4', 11, 5);
INSERT INTO public.packages VALUES (445, 'Package descriptions 45 package_r is 5', 93, 7);
INSERT INTO public.packages VALUES (446, 'Package descriptions 45 package_r is 6', 50, 1);
INSERT INTO public.packages VALUES (447, 'Package descriptions 45 package_r is 7', 60, 9);
INSERT INTO public.packages VALUES (448, 'Package descriptions 45 package_r is 8', 40, 10);
INSERT INTO public.packages VALUES (449, 'Package descriptions 45 package_r is 9', 69, 2);
INSERT INTO public.packages VALUES (450, 'Package descriptions 45 package_r is 10', 57, 8);
INSERT INTO public.packages VALUES (451, 'Package descriptions 46 package_r is 1', 64, 8);
INSERT INTO public.packages VALUES (452, 'Package descriptions 46 package_r is 2', 98, 4);
INSERT INTO public.packages VALUES (453, 'Package descriptions 46 package_r is 3', 70, 5);
INSERT INTO public.packages VALUES (454, 'Package descriptions 46 package_r is 4', 30, 7);
INSERT INTO public.packages VALUES (455, 'Package descriptions 46 package_r is 5', 37, 10);
INSERT INTO public.packages VALUES (456, 'Package descriptions 46 package_r is 6', 78, 1);
INSERT INTO public.packages VALUES (457, 'Package descriptions 46 package_r is 7', 2, 10);
INSERT INTO public.packages VALUES (458, 'Package descriptions 46 package_r is 8', 99, 1);
INSERT INTO public.packages VALUES (459, 'Package descriptions 46 package_r is 9', 37, 10);
INSERT INTO public.packages VALUES (460, 'Package descriptions 46 package_r is 10', 16, 5);
INSERT INTO public.packages VALUES (461, 'Package descriptions 47 package_r is 1', 101, 8);
INSERT INTO public.packages VALUES (462, 'Package descriptions 47 package_r is 2', 101, 6);
INSERT INTO public.packages VALUES (463, 'Package descriptions 47 package_r is 3', 75, 2);
INSERT INTO public.packages VALUES (464, 'Package descriptions 47 package_r is 4', 4, 10);
INSERT INTO public.packages VALUES (465, 'Package descriptions 47 package_r is 5', 71, 10);
INSERT INTO public.packages VALUES (466, 'Package descriptions 47 package_r is 6', 57, 7);
INSERT INTO public.packages VALUES (467, 'Package descriptions 47 package_r is 7', 76, 6);
INSERT INTO public.packages VALUES (468, 'Package descriptions 47 package_r is 8', 55, 7);
INSERT INTO public.packages VALUES (469, 'Package descriptions 47 package_r is 9', 7, 7);
INSERT INTO public.packages VALUES (470, 'Package descriptions 47 package_r is 10', 47, 7);
INSERT INTO public.packages VALUES (471, 'Package descriptions 48 package_r is 1', 43, 4);
INSERT INTO public.packages VALUES (472, 'Package descriptions 48 package_r is 2', 45, 4);
INSERT INTO public.packages VALUES (473, 'Package descriptions 48 package_r is 3', 37, 9);
INSERT INTO public.packages VALUES (474, 'Package descriptions 48 package_r is 4', 65, 8);
INSERT INTO public.packages VALUES (475, 'Package descriptions 48 package_r is 5', 31, 3);
INSERT INTO public.packages VALUES (476, 'Package descriptions 48 package_r is 6', 56, 2);
INSERT INTO public.packages VALUES (477, 'Package descriptions 48 package_r is 7', 46, 9);
INSERT INTO public.packages VALUES (478, 'Package descriptions 48 package_r is 8', 69, 6);
INSERT INTO public.packages VALUES (479, 'Package descriptions 48 package_r is 9', 36, 8);
INSERT INTO public.packages VALUES (480, 'Package descriptions 48 package_r is 10', 77, 2);
INSERT INTO public.packages VALUES (481, 'Package descriptions 49 package_r is 1', 73, 9);
INSERT INTO public.packages VALUES (482, 'Package descriptions 49 package_r is 2', 2, 4);
INSERT INTO public.packages VALUES (483, 'Package descriptions 49 package_r is 3', 55, 2);
INSERT INTO public.packages VALUES (484, 'Package descriptions 49 package_r is 4', 29, 4);
INSERT INTO public.packages VALUES (485, 'Package descriptions 49 package_r is 5', 28, 8);
INSERT INTO public.packages VALUES (486, 'Package descriptions 49 package_r is 6', 18, 5);
INSERT INTO public.packages VALUES (487, 'Package descriptions 49 package_r is 7', 27, 5);
INSERT INTO public.packages VALUES (488, 'Package descriptions 49 package_r is 8', 45, 9);
INSERT INTO public.packages VALUES (489, 'Package descriptions 49 package_r is 9', 17, 6);
INSERT INTO public.packages VALUES (490, 'Package descriptions 49 package_r is 10', 53, 5);
INSERT INTO public.packages VALUES (491, 'Package descriptions 50 package_r is 1', 45, 7);
INSERT INTO public.packages VALUES (492, 'Package descriptions 50 package_r is 2', 93, 1);
INSERT INTO public.packages VALUES (493, 'Package descriptions 50 package_r is 3', 72, 3);
INSERT INTO public.packages VALUES (494, 'Package descriptions 50 package_r is 4', 47, 7);
INSERT INTO public.packages VALUES (495, 'Package descriptions 50 package_r is 5', 70, 8);
INSERT INTO public.packages VALUES (496, 'Package descriptions 50 package_r is 6', 42, 6);
INSERT INTO public.packages VALUES (497, 'Package descriptions 50 package_r is 7', 91, 4);
INSERT INTO public.packages VALUES (498, 'Package descriptions 50 package_r is 8', 100, 5);
INSERT INTO public.packages VALUES (499, 'Package descriptions 50 package_r is 9', 22, 5);
INSERT INTO public.packages VALUES (500, 'Package descriptions 50 package_r is 10', 58, 7);
INSERT INTO public.packages VALUES (501, 'Package descriptions 51 package_r is 1', 3, 9);
INSERT INTO public.packages VALUES (502, 'Package descriptions 51 package_r is 2', 70, 3);
INSERT INTO public.packages VALUES (503, 'Package descriptions 51 package_r is 3', 50, 3);
INSERT INTO public.packages VALUES (504, 'Package descriptions 51 package_r is 4', 88, 2);
INSERT INTO public.packages VALUES (505, 'Package descriptions 51 package_r is 5', 42, 2);
INSERT INTO public.packages VALUES (506, 'Package descriptions 51 package_r is 6', 32, 2);
INSERT INTO public.packages VALUES (507, 'Package descriptions 51 package_r is 7', 93, 7);
INSERT INTO public.packages VALUES (508, 'Package descriptions 51 package_r is 8', 40, 1);
INSERT INTO public.packages VALUES (509, 'Package descriptions 51 package_r is 9', 22, 7);
INSERT INTO public.packages VALUES (510, 'Package descriptions 51 package_r is 10', 37, 3);
INSERT INTO public.packages VALUES (511, 'Package descriptions 52 package_r is 1', 93, 1);
INSERT INTO public.packages VALUES (512, 'Package descriptions 52 package_r is 2', 55, 10);
INSERT INTO public.packages VALUES (513, 'Package descriptions 52 package_r is 3', 78, 8);
INSERT INTO public.packages VALUES (514, 'Package descriptions 52 package_r is 4', 49, 4);
INSERT INTO public.packages VALUES (515, 'Package descriptions 52 package_r is 5', 81, 7);
INSERT INTO public.packages VALUES (516, 'Package descriptions 52 package_r is 6', 76, 10);
INSERT INTO public.packages VALUES (517, 'Package descriptions 52 package_r is 7', 73, 3);
INSERT INTO public.packages VALUES (518, 'Package descriptions 52 package_r is 8', 21, 6);
INSERT INTO public.packages VALUES (519, 'Package descriptions 52 package_r is 9', 14, 8);
INSERT INTO public.packages VALUES (520, 'Package descriptions 52 package_r is 10', 83, 2);
INSERT INTO public.packages VALUES (521, 'Package descriptions 53 package_r is 1', 57, 6);
INSERT INTO public.packages VALUES (522, 'Package descriptions 53 package_r is 2', 69, 2);
INSERT INTO public.packages VALUES (523, 'Package descriptions 53 package_r is 3', 41, 1);
INSERT INTO public.packages VALUES (524, 'Package descriptions 53 package_r is 4', 44, 6);
INSERT INTO public.packages VALUES (525, 'Package descriptions 53 package_r is 5', 23, 5);
INSERT INTO public.packages VALUES (526, 'Package descriptions 53 package_r is 6', 20, 5);
INSERT INTO public.packages VALUES (527, 'Package descriptions 53 package_r is 7', 20, 5);
INSERT INTO public.packages VALUES (528, 'Package descriptions 53 package_r is 8', 72, 1);
INSERT INTO public.packages VALUES (529, 'Package descriptions 53 package_r is 9', 92, 2);
INSERT INTO public.packages VALUES (530, 'Package descriptions 53 package_r is 10', 52, 2);
INSERT INTO public.packages VALUES (531, 'Package descriptions 54 package_r is 1', 55, 2);
INSERT INTO public.packages VALUES (532, 'Package descriptions 54 package_r is 2', 21, 1);
INSERT INTO public.packages VALUES (533, 'Package descriptions 54 package_r is 3', 30, 1);
INSERT INTO public.packages VALUES (534, 'Package descriptions 54 package_r is 4', 14, 6);
INSERT INTO public.packages VALUES (535, 'Package descriptions 54 package_r is 5', 73, 3);
INSERT INTO public.packages VALUES (536, 'Package descriptions 54 package_r is 6', 11, 6);
INSERT INTO public.packages VALUES (537, 'Package descriptions 54 package_r is 7', 87, 5);
INSERT INTO public.packages VALUES (538, 'Package descriptions 54 package_r is 8', 43, 10);
INSERT INTO public.packages VALUES (539, 'Package descriptions 54 package_r is 9', 27, 9);
INSERT INTO public.packages VALUES (540, 'Package descriptions 54 package_r is 10', 37, 3);
INSERT INTO public.packages VALUES (541, 'Package descriptions 55 package_r is 1', 87, 7);
INSERT INTO public.packages VALUES (542, 'Package descriptions 55 package_r is 2', 80, 2);
INSERT INTO public.packages VALUES (543, 'Package descriptions 55 package_r is 3', 82, 4);
INSERT INTO public.packages VALUES (544, 'Package descriptions 55 package_r is 4', 49, 1);
INSERT INTO public.packages VALUES (545, 'Package descriptions 55 package_r is 5', 92, 8);
INSERT INTO public.packages VALUES (546, 'Package descriptions 55 package_r is 6', 41, 3);
INSERT INTO public.packages VALUES (547, 'Package descriptions 55 package_r is 7', 101, 6);
INSERT INTO public.packages VALUES (548, 'Package descriptions 55 package_r is 8', 25, 3);
INSERT INTO public.packages VALUES (549, 'Package descriptions 55 package_r is 9', 52, 4);
INSERT INTO public.packages VALUES (550, 'Package descriptions 55 package_r is 10', 65, 3);
INSERT INTO public.packages VALUES (551, 'Package descriptions 56 package_r is 1', 15, 6);
INSERT INTO public.packages VALUES (552, 'Package descriptions 56 package_r is 2', 34, 5);
INSERT INTO public.packages VALUES (553, 'Package descriptions 56 package_r is 3', 33, 6);
INSERT INTO public.packages VALUES (554, 'Package descriptions 56 package_r is 4', 91, 7);
INSERT INTO public.packages VALUES (555, 'Package descriptions 56 package_r is 5', 23, 2);
INSERT INTO public.packages VALUES (556, 'Package descriptions 56 package_r is 6', 33, 6);
INSERT INTO public.packages VALUES (557, 'Package descriptions 56 package_r is 7', 73, 3);
INSERT INTO public.packages VALUES (558, 'Package descriptions 56 package_r is 8', 88, 9);
INSERT INTO public.packages VALUES (559, 'Package descriptions 56 package_r is 9', 100, 4);
INSERT INTO public.packages VALUES (560, 'Package descriptions 56 package_r is 10', 35, 10);
INSERT INTO public.packages VALUES (561, 'Package descriptions 57 package_r is 1', 54, 8);
INSERT INTO public.packages VALUES (562, 'Package descriptions 57 package_r is 2', 101, 7);
INSERT INTO public.packages VALUES (563, 'Package descriptions 57 package_r is 3', 47, 1);
INSERT INTO public.packages VALUES (564, 'Package descriptions 57 package_r is 4', 9, 4);
INSERT INTO public.packages VALUES (565, 'Package descriptions 57 package_r is 5', 83, 3);
INSERT INTO public.packages VALUES (566, 'Package descriptions 57 package_r is 6', 14, 4);
INSERT INTO public.packages VALUES (567, 'Package descriptions 57 package_r is 7', 81, 4);
INSERT INTO public.packages VALUES (568, 'Package descriptions 57 package_r is 8', 95, 1);
INSERT INTO public.packages VALUES (569, 'Package descriptions 57 package_r is 9', 68, 4);
INSERT INTO public.packages VALUES (570, 'Package descriptions 57 package_r is 10', 42, 5);
INSERT INTO public.packages VALUES (571, 'Package descriptions 58 package_r is 1', 80, 4);
INSERT INTO public.packages VALUES (572, 'Package descriptions 58 package_r is 2', 94, 3);
INSERT INTO public.packages VALUES (573, 'Package descriptions 58 package_r is 3', 50, 1);
INSERT INTO public.packages VALUES (574, 'Package descriptions 58 package_r is 4', 22, 10);
INSERT INTO public.packages VALUES (575, 'Package descriptions 58 package_r is 5', 80, 6);
INSERT INTO public.packages VALUES (576, 'Package descriptions 58 package_r is 6', 87, 2);
INSERT INTO public.packages VALUES (577, 'Package descriptions 58 package_r is 7', 21, 10);
INSERT INTO public.packages VALUES (578, 'Package descriptions 58 package_r is 8', 85, 4);
INSERT INTO public.packages VALUES (579, 'Package descriptions 58 package_r is 9', 53, 3);
INSERT INTO public.packages VALUES (580, 'Package descriptions 58 package_r is 10', 8, 7);
INSERT INTO public.packages VALUES (581, 'Package descriptions 59 package_r is 1', 34, 10);
INSERT INTO public.packages VALUES (582, 'Package descriptions 59 package_r is 2', 90, 7);
INSERT INTO public.packages VALUES (583, 'Package descriptions 59 package_r is 3', 42, 3);
INSERT INTO public.packages VALUES (584, 'Package descriptions 59 package_r is 4', 49, 7);
INSERT INTO public.packages VALUES (585, 'Package descriptions 59 package_r is 5', 50, 6);
INSERT INTO public.packages VALUES (586, 'Package descriptions 59 package_r is 6', 9, 2);
INSERT INTO public.packages VALUES (587, 'Package descriptions 59 package_r is 7', 83, 10);
INSERT INTO public.packages VALUES (588, 'Package descriptions 59 package_r is 8', 74, 1);
INSERT INTO public.packages VALUES (589, 'Package descriptions 59 package_r is 9', 3, 10);
INSERT INTO public.packages VALUES (590, 'Package descriptions 59 package_r is 10', 47, 4);
INSERT INTO public.packages VALUES (591, 'Package descriptions 60 package_r is 1', 22, 3);
INSERT INTO public.packages VALUES (592, 'Package descriptions 60 package_r is 2', 5, 7);
INSERT INTO public.packages VALUES (593, 'Package descriptions 60 package_r is 3', 51, 6);
INSERT INTO public.packages VALUES (594, 'Package descriptions 60 package_r is 4', 26, 3);
INSERT INTO public.packages VALUES (595, 'Package descriptions 60 package_r is 5', 36, 5);
INSERT INTO public.packages VALUES (596, 'Package descriptions 60 package_r is 6', 39, 3);
INSERT INTO public.packages VALUES (597, 'Package descriptions 60 package_r is 7', 3, 9);
INSERT INTO public.packages VALUES (598, 'Package descriptions 60 package_r is 8', 64, 10);
INSERT INTO public.packages VALUES (599, 'Package descriptions 60 package_r is 9', 86, 10);
INSERT INTO public.packages VALUES (600, 'Package descriptions 60 package_r is 10', 20, 5);
INSERT INTO public.packages VALUES (601, 'Package descriptions 61 package_r is 1', 100, 9);
INSERT INTO public.packages VALUES (602, 'Package descriptions 61 package_r is 2', 81, 3);
INSERT INTO public.packages VALUES (603, 'Package descriptions 61 package_r is 3', 23, 10);
INSERT INTO public.packages VALUES (604, 'Package descriptions 61 package_r is 4', 83, 9);
INSERT INTO public.packages VALUES (605, 'Package descriptions 61 package_r is 5', 59, 10);
INSERT INTO public.packages VALUES (606, 'Package descriptions 61 package_r is 6', 34, 8);
INSERT INTO public.packages VALUES (607, 'Package descriptions 61 package_r is 7', 8, 1);
INSERT INTO public.packages VALUES (608, 'Package descriptions 61 package_r is 8', 79, 4);
INSERT INTO public.packages VALUES (609, 'Package descriptions 61 package_r is 9', 45, 6);
INSERT INTO public.packages VALUES (610, 'Package descriptions 61 package_r is 10', 13, 9);
INSERT INTO public.packages VALUES (611, 'Package descriptions 62 package_r is 1', 32, 4);
INSERT INTO public.packages VALUES (612, 'Package descriptions 62 package_r is 2', 1, 8);
INSERT INTO public.packages VALUES (613, 'Package descriptions 62 package_r is 3', 74, 7);
INSERT INTO public.packages VALUES (614, 'Package descriptions 62 package_r is 4', 56, 2);
INSERT INTO public.packages VALUES (615, 'Package descriptions 62 package_r is 5', 56, 1);
INSERT INTO public.packages VALUES (616, 'Package descriptions 62 package_r is 6', 85, 2);
INSERT INTO public.packages VALUES (617, 'Package descriptions 62 package_r is 7', 75, 6);
INSERT INTO public.packages VALUES (618, 'Package descriptions 62 package_r is 8', 24, 6);
INSERT INTO public.packages VALUES (619, 'Package descriptions 62 package_r is 9', 11, 7);
INSERT INTO public.packages VALUES (620, 'Package descriptions 62 package_r is 10', 100, 8);
INSERT INTO public.packages VALUES (621, 'Package descriptions 63 package_r is 1', 26, 3);
INSERT INTO public.packages VALUES (622, 'Package descriptions 63 package_r is 2', 77, 1);
INSERT INTO public.packages VALUES (623, 'Package descriptions 63 package_r is 3', 44, 8);
INSERT INTO public.packages VALUES (624, 'Package descriptions 63 package_r is 4', 20, 2);
INSERT INTO public.packages VALUES (625, 'Package descriptions 63 package_r is 5', 39, 9);
INSERT INTO public.packages VALUES (626, 'Package descriptions 63 package_r is 6', 38, 8);
INSERT INTO public.packages VALUES (627, 'Package descriptions 63 package_r is 7', 12, 8);
INSERT INTO public.packages VALUES (628, 'Package descriptions 63 package_r is 8', 76, 4);
INSERT INTO public.packages VALUES (629, 'Package descriptions 63 package_r is 9', 63, 5);
INSERT INTO public.packages VALUES (630, 'Package descriptions 63 package_r is 10', 100, 7);
INSERT INTO public.packages VALUES (631, 'Package descriptions 64 package_r is 1', 17, 8);
INSERT INTO public.packages VALUES (632, 'Package descriptions 64 package_r is 2', 47, 7);
INSERT INTO public.packages VALUES (633, 'Package descriptions 64 package_r is 3', 67, 10);
INSERT INTO public.packages VALUES (634, 'Package descriptions 64 package_r is 4', 16, 5);
INSERT INTO public.packages VALUES (635, 'Package descriptions 64 package_r is 5', 16, 8);
INSERT INTO public.packages VALUES (636, 'Package descriptions 64 package_r is 6', 22, 8);
INSERT INTO public.packages VALUES (637, 'Package descriptions 64 package_r is 7', 82, 10);
INSERT INTO public.packages VALUES (638, 'Package descriptions 64 package_r is 8', 43, 8);
INSERT INTO public.packages VALUES (639, 'Package descriptions 64 package_r is 9', 17, 6);
INSERT INTO public.packages VALUES (640, 'Package descriptions 64 package_r is 10', 11, 1);
INSERT INTO public.packages VALUES (641, 'Package descriptions 65 package_r is 1', 61, 2);
INSERT INTO public.packages VALUES (642, 'Package descriptions 65 package_r is 2', 19, 2);
INSERT INTO public.packages VALUES (643, 'Package descriptions 65 package_r is 3', 51, 7);
INSERT INTO public.packages VALUES (644, 'Package descriptions 65 package_r is 4', 49, 9);
INSERT INTO public.packages VALUES (645, 'Package descriptions 65 package_r is 5', 50, 8);
INSERT INTO public.packages VALUES (646, 'Package descriptions 65 package_r is 6', 84, 9);
INSERT INTO public.packages VALUES (647, 'Package descriptions 65 package_r is 7', 86, 5);
INSERT INTO public.packages VALUES (648, 'Package descriptions 65 package_r is 8', 54, 2);
INSERT INTO public.packages VALUES (649, 'Package descriptions 65 package_r is 9', 63, 10);
INSERT INTO public.packages VALUES (650, 'Package descriptions 65 package_r is 10', 91, 2);
INSERT INTO public.packages VALUES (651, 'Package descriptions 66 package_r is 1', 51, 5);
INSERT INTO public.packages VALUES (652, 'Package descriptions 66 package_r is 2', 63, 1);
INSERT INTO public.packages VALUES (653, 'Package descriptions 66 package_r is 3', 37, 4);
INSERT INTO public.packages VALUES (654, 'Package descriptions 66 package_r is 4', 61, 4);
INSERT INTO public.packages VALUES (655, 'Package descriptions 66 package_r is 5', 51, 8);
INSERT INTO public.packages VALUES (656, 'Package descriptions 66 package_r is 6', 34, 10);
INSERT INTO public.packages VALUES (657, 'Package descriptions 66 package_r is 7', 12, 10);
INSERT INTO public.packages VALUES (658, 'Package descriptions 66 package_r is 8', 32, 10);
INSERT INTO public.packages VALUES (659, 'Package descriptions 66 package_r is 9', 67, 3);
INSERT INTO public.packages VALUES (660, 'Package descriptions 66 package_r is 10', 67, 7);
INSERT INTO public.packages VALUES (661, 'Package descriptions 67 package_r is 1', 91, 2);
INSERT INTO public.packages VALUES (662, 'Package descriptions 67 package_r is 2', 42, 6);
INSERT INTO public.packages VALUES (663, 'Package descriptions 67 package_r is 3', 89, 4);
INSERT INTO public.packages VALUES (664, 'Package descriptions 67 package_r is 4', 26, 7);
INSERT INTO public.packages VALUES (665, 'Package descriptions 67 package_r is 5', 88, 7);
INSERT INTO public.packages VALUES (666, 'Package descriptions 67 package_r is 6', 64, 4);
INSERT INTO public.packages VALUES (667, 'Package descriptions 67 package_r is 7', 92, 7);
INSERT INTO public.packages VALUES (668, 'Package descriptions 67 package_r is 8', 78, 4);
INSERT INTO public.packages VALUES (669, 'Package descriptions 67 package_r is 9', 87, 6);
INSERT INTO public.packages VALUES (670, 'Package descriptions 67 package_r is 10', 43, 6);
INSERT INTO public.packages VALUES (671, 'Package descriptions 68 package_r is 1', 23, 8);
INSERT INTO public.packages VALUES (672, 'Package descriptions 68 package_r is 2', 100, 9);
INSERT INTO public.packages VALUES (673, 'Package descriptions 68 package_r is 3', 40, 4);
INSERT INTO public.packages VALUES (674, 'Package descriptions 68 package_r is 4', 34, 8);
INSERT INTO public.packages VALUES (675, 'Package descriptions 68 package_r is 5', 49, 3);
INSERT INTO public.packages VALUES (676, 'Package descriptions 68 package_r is 6', 85, 1);
INSERT INTO public.packages VALUES (677, 'Package descriptions 68 package_r is 7', 56, 9);
INSERT INTO public.packages VALUES (678, 'Package descriptions 68 package_r is 8', 15, 7);
INSERT INTO public.packages VALUES (679, 'Package descriptions 68 package_r is 9', 45, 9);
INSERT INTO public.packages VALUES (680, 'Package descriptions 68 package_r is 10', 17, 2);
INSERT INTO public.packages VALUES (681, 'Package descriptions 69 package_r is 1', 82, 5);
INSERT INTO public.packages VALUES (682, 'Package descriptions 69 package_r is 2', 93, 8);
INSERT INTO public.packages VALUES (683, 'Package descriptions 69 package_r is 3', 71, 9);
INSERT INTO public.packages VALUES (684, 'Package descriptions 69 package_r is 4', 66, 4);
INSERT INTO public.packages VALUES (685, 'Package descriptions 69 package_r is 5', 54, 7);
INSERT INTO public.packages VALUES (686, 'Package descriptions 69 package_r is 6', 57, 9);
INSERT INTO public.packages VALUES (687, 'Package descriptions 69 package_r is 7', 9, 9);
INSERT INTO public.packages VALUES (688, 'Package descriptions 69 package_r is 8', 64, 8);
INSERT INTO public.packages VALUES (689, 'Package descriptions 69 package_r is 9', 52, 6);
INSERT INTO public.packages VALUES (690, 'Package descriptions 69 package_r is 10', 14, 5);
INSERT INTO public.packages VALUES (691, 'Package descriptions 70 package_r is 1', 53, 9);
INSERT INTO public.packages VALUES (692, 'Package descriptions 70 package_r is 2', 42, 2);
INSERT INTO public.packages VALUES (693, 'Package descriptions 70 package_r is 3', 70, 3);
INSERT INTO public.packages VALUES (694, 'Package descriptions 70 package_r is 4', 54, 1);
INSERT INTO public.packages VALUES (695, 'Package descriptions 70 package_r is 5', 18, 2);
INSERT INTO public.packages VALUES (696, 'Package descriptions 70 package_r is 6', 80, 10);
INSERT INTO public.packages VALUES (697, 'Package descriptions 70 package_r is 7', 52, 5);
INSERT INTO public.packages VALUES (698, 'Package descriptions 70 package_r is 8', 33, 2);
INSERT INTO public.packages VALUES (699, 'Package descriptions 70 package_r is 9', 45, 7);
INSERT INTO public.packages VALUES (700, 'Package descriptions 70 package_r is 10', 82, 9);
INSERT INTO public.packages VALUES (701, 'Package descriptions 71 package_r is 1', 60, 6);
INSERT INTO public.packages VALUES (702, 'Package descriptions 71 package_r is 2', 22, 4);
INSERT INTO public.packages VALUES (703, 'Package descriptions 71 package_r is 3', 49, 2);
INSERT INTO public.packages VALUES (704, 'Package descriptions 71 package_r is 4', 59, 3);
INSERT INTO public.packages VALUES (705, 'Package descriptions 71 package_r is 5', 34, 4);
INSERT INTO public.packages VALUES (706, 'Package descriptions 71 package_r is 6', 87, 4);
INSERT INTO public.packages VALUES (707, 'Package descriptions 71 package_r is 7', 90, 6);
INSERT INTO public.packages VALUES (708, 'Package descriptions 71 package_r is 8', 28, 3);
INSERT INTO public.packages VALUES (709, 'Package descriptions 71 package_r is 9', 94, 8);
INSERT INTO public.packages VALUES (710, 'Package descriptions 71 package_r is 10', 23, 6);
INSERT INTO public.packages VALUES (711, 'Package descriptions 72 package_r is 1', 7, 4);
INSERT INTO public.packages VALUES (712, 'Package descriptions 72 package_r is 2', 84, 8);
INSERT INTO public.packages VALUES (713, 'Package descriptions 72 package_r is 3', 11, 5);
INSERT INTO public.packages VALUES (714, 'Package descriptions 72 package_r is 4', 63, 4);
INSERT INTO public.packages VALUES (715, 'Package descriptions 72 package_r is 5', 28, 3);
INSERT INTO public.packages VALUES (716, 'Package descriptions 72 package_r is 6', 79, 7);
INSERT INTO public.packages VALUES (717, 'Package descriptions 72 package_r is 7', 32, 6);
INSERT INTO public.packages VALUES (718, 'Package descriptions 72 package_r is 8', 89, 3);
INSERT INTO public.packages VALUES (719, 'Package descriptions 72 package_r is 9', 13, 5);
INSERT INTO public.packages VALUES (720, 'Package descriptions 72 package_r is 10', 13, 4);
INSERT INTO public.packages VALUES (721, 'Package descriptions 73 package_r is 1', 42, 1);
INSERT INTO public.packages VALUES (722, 'Package descriptions 73 package_r is 2', 16, 10);
INSERT INTO public.packages VALUES (723, 'Package descriptions 73 package_r is 3', 86, 2);
INSERT INTO public.packages VALUES (724, 'Package descriptions 73 package_r is 4', 23, 2);
INSERT INTO public.packages VALUES (725, 'Package descriptions 73 package_r is 5', 57, 8);
INSERT INTO public.packages VALUES (726, 'Package descriptions 73 package_r is 6', 27, 2);
INSERT INTO public.packages VALUES (727, 'Package descriptions 73 package_r is 7', 88, 9);
INSERT INTO public.packages VALUES (728, 'Package descriptions 73 package_r is 8', 15, 1);
INSERT INTO public.packages VALUES (729, 'Package descriptions 73 package_r is 9', 2, 9);
INSERT INTO public.packages VALUES (730, 'Package descriptions 73 package_r is 10', 7, 4);
INSERT INTO public.packages VALUES (731, 'Package descriptions 74 package_r is 1', 86, 10);
INSERT INTO public.packages VALUES (732, 'Package descriptions 74 package_r is 2', 22, 9);
INSERT INTO public.packages VALUES (733, 'Package descriptions 74 package_r is 3', 31, 7);
INSERT INTO public.packages VALUES (734, 'Package descriptions 74 package_r is 4', 9, 6);
INSERT INTO public.packages VALUES (735, 'Package descriptions 74 package_r is 5', 100, 4);
INSERT INTO public.packages VALUES (736, 'Package descriptions 74 package_r is 6', 12, 6);
INSERT INTO public.packages VALUES (737, 'Package descriptions 74 package_r is 7', 28, 5);
INSERT INTO public.packages VALUES (738, 'Package descriptions 74 package_r is 8', 92, 7);
INSERT INTO public.packages VALUES (739, 'Package descriptions 74 package_r is 9', 44, 9);
INSERT INTO public.packages VALUES (740, 'Package descriptions 74 package_r is 10', 52, 2);
INSERT INTO public.packages VALUES (741, 'Package descriptions 75 package_r is 1', 80, 6);
INSERT INTO public.packages VALUES (742, 'Package descriptions 75 package_r is 2', 90, 10);
INSERT INTO public.packages VALUES (743, 'Package descriptions 75 package_r is 3', 5, 7);
INSERT INTO public.packages VALUES (744, 'Package descriptions 75 package_r is 4', 24, 6);
INSERT INTO public.packages VALUES (745, 'Package descriptions 75 package_r is 5', 97, 5);
INSERT INTO public.packages VALUES (746, 'Package descriptions 75 package_r is 6', 70, 5);
INSERT INTO public.packages VALUES (747, 'Package descriptions 75 package_r is 7', 96, 9);
INSERT INTO public.packages VALUES (748, 'Package descriptions 75 package_r is 8', 31, 4);
INSERT INTO public.packages VALUES (749, 'Package descriptions 75 package_r is 9', 59, 9);
INSERT INTO public.packages VALUES (750, 'Package descriptions 75 package_r is 10', 17, 9);
INSERT INTO public.packages VALUES (751, 'Package descriptions 76 package_r is 1', 22, 10);
INSERT INTO public.packages VALUES (752, 'Package descriptions 76 package_r is 2', 4, 3);
INSERT INTO public.packages VALUES (753, 'Package descriptions 76 package_r is 3', 3, 6);
INSERT INTO public.packages VALUES (754, 'Package descriptions 76 package_r is 4', 100, 1);
INSERT INTO public.packages VALUES (755, 'Package descriptions 76 package_r is 5', 83, 7);
INSERT INTO public.packages VALUES (756, 'Package descriptions 76 package_r is 6', 41, 9);
INSERT INTO public.packages VALUES (757, 'Package descriptions 76 package_r is 7', 68, 7);
INSERT INTO public.packages VALUES (758, 'Package descriptions 76 package_r is 8', 89, 5);
INSERT INTO public.packages VALUES (759, 'Package descriptions 76 package_r is 9', 26, 5);
INSERT INTO public.packages VALUES (760, 'Package descriptions 76 package_r is 10', 65, 4);
INSERT INTO public.packages VALUES (761, 'Package descriptions 77 package_r is 1', 75, 2);
INSERT INTO public.packages VALUES (762, 'Package descriptions 77 package_r is 2', 87, 8);
INSERT INTO public.packages VALUES (763, 'Package descriptions 77 package_r is 3', 18, 5);
INSERT INTO public.packages VALUES (764, 'Package descriptions 77 package_r is 4', 73, 10);
INSERT INTO public.packages VALUES (765, 'Package descriptions 77 package_r is 5', 90, 10);
INSERT INTO public.packages VALUES (766, 'Package descriptions 77 package_r is 6', 14, 7);
INSERT INTO public.packages VALUES (767, 'Package descriptions 77 package_r is 7', 10, 9);
INSERT INTO public.packages VALUES (768, 'Package descriptions 77 package_r is 8', 90, 3);
INSERT INTO public.packages VALUES (769, 'Package descriptions 77 package_r is 9', 87, 2);
INSERT INTO public.packages VALUES (770, 'Package descriptions 77 package_r is 10', 59, 1);
INSERT INTO public.packages VALUES (771, 'Package descriptions 78 package_r is 1', 53, 3);
INSERT INTO public.packages VALUES (772, 'Package descriptions 78 package_r is 2', 7, 9);
INSERT INTO public.packages VALUES (773, 'Package descriptions 78 package_r is 3', 92, 10);
INSERT INTO public.packages VALUES (774, 'Package descriptions 78 package_r is 4', 81, 6);
INSERT INTO public.packages VALUES (775, 'Package descriptions 78 package_r is 5', 79, 10);
INSERT INTO public.packages VALUES (776, 'Package descriptions 78 package_r is 6', 80, 9);
INSERT INTO public.packages VALUES (777, 'Package descriptions 78 package_r is 7', 21, 10);
INSERT INTO public.packages VALUES (778, 'Package descriptions 78 package_r is 8', 72, 2);
INSERT INTO public.packages VALUES (779, 'Package descriptions 78 package_r is 9', 71, 6);
INSERT INTO public.packages VALUES (780, 'Package descriptions 78 package_r is 10', 22, 1);
INSERT INTO public.packages VALUES (781, 'Package descriptions 79 package_r is 1', 92, 3);
INSERT INTO public.packages VALUES (782, 'Package descriptions 79 package_r is 2', 55, 9);
INSERT INTO public.packages VALUES (783, 'Package descriptions 79 package_r is 3', 36, 1);
INSERT INTO public.packages VALUES (784, 'Package descriptions 79 package_r is 4', 5, 10);
INSERT INTO public.packages VALUES (785, 'Package descriptions 79 package_r is 5', 98, 2);
INSERT INTO public.packages VALUES (786, 'Package descriptions 79 package_r is 6', 20, 10);
INSERT INTO public.packages VALUES (787, 'Package descriptions 79 package_r is 7', 38, 3);
INSERT INTO public.packages VALUES (788, 'Package descriptions 79 package_r is 8', 40, 9);
INSERT INTO public.packages VALUES (789, 'Package descriptions 79 package_r is 9', 30, 2);
INSERT INTO public.packages VALUES (790, 'Package descriptions 79 package_r is 10', 50, 9);
INSERT INTO public.packages VALUES (791, 'Package descriptions 80 package_r is 1', 78, 4);
INSERT INTO public.packages VALUES (792, 'Package descriptions 80 package_r is 2', 28, 6);
INSERT INTO public.packages VALUES (793, 'Package descriptions 80 package_r is 3', 73, 7);
INSERT INTO public.packages VALUES (794, 'Package descriptions 80 package_r is 4', 61, 10);
INSERT INTO public.packages VALUES (795, 'Package descriptions 80 package_r is 5', 29, 8);
INSERT INTO public.packages VALUES (796, 'Package descriptions 80 package_r is 6', 40, 6);
INSERT INTO public.packages VALUES (797, 'Package descriptions 80 package_r is 7', 28, 9);
INSERT INTO public.packages VALUES (798, 'Package descriptions 80 package_r is 8', 101, 10);
INSERT INTO public.packages VALUES (799, 'Package descriptions 80 package_r is 9', 40, 5);
INSERT INTO public.packages VALUES (800, 'Package descriptions 80 package_r is 10', 89, 7);
INSERT INTO public.packages VALUES (801, 'Package descriptions 81 package_r is 1', 87, 10);
INSERT INTO public.packages VALUES (802, 'Package descriptions 81 package_r is 2', 21, 4);
INSERT INTO public.packages VALUES (803, 'Package descriptions 81 package_r is 3', 41, 1);
INSERT INTO public.packages VALUES (804, 'Package descriptions 81 package_r is 4', 38, 4);
INSERT INTO public.packages VALUES (805, 'Package descriptions 81 package_r is 5', 59, 5);
INSERT INTO public.packages VALUES (806, 'Package descriptions 81 package_r is 6', 44, 4);
INSERT INTO public.packages VALUES (807, 'Package descriptions 81 package_r is 7', 87, 6);
INSERT INTO public.packages VALUES (808, 'Package descriptions 81 package_r is 8', 17, 5);
INSERT INTO public.packages VALUES (809, 'Package descriptions 81 package_r is 9', 36, 5);
INSERT INTO public.packages VALUES (810, 'Package descriptions 81 package_r is 10', 85, 1);
INSERT INTO public.packages VALUES (811, 'Package descriptions 82 package_r is 1', 64, 10);
INSERT INTO public.packages VALUES (812, 'Package descriptions 82 package_r is 2', 80, 7);
INSERT INTO public.packages VALUES (813, 'Package descriptions 82 package_r is 3', 31, 5);
INSERT INTO public.packages VALUES (814, 'Package descriptions 82 package_r is 4', 82, 2);
INSERT INTO public.packages VALUES (815, 'Package descriptions 82 package_r is 5', 94, 9);
INSERT INTO public.packages VALUES (816, 'Package descriptions 82 package_r is 6', 89, 5);
INSERT INTO public.packages VALUES (817, 'Package descriptions 82 package_r is 7', 79, 5);
INSERT INTO public.packages VALUES (818, 'Package descriptions 82 package_r is 8', 8, 6);
INSERT INTO public.packages VALUES (819, 'Package descriptions 82 package_r is 9', 91, 8);
INSERT INTO public.packages VALUES (820, 'Package descriptions 82 package_r is 10', 17, 5);
INSERT INTO public.packages VALUES (821, 'Package descriptions 83 package_r is 1', 76, 6);
INSERT INTO public.packages VALUES (822, 'Package descriptions 83 package_r is 2', 10, 6);
INSERT INTO public.packages VALUES (823, 'Package descriptions 83 package_r is 3', 71, 3);
INSERT INTO public.packages VALUES (824, 'Package descriptions 83 package_r is 4', 54, 1);
INSERT INTO public.packages VALUES (825, 'Package descriptions 83 package_r is 5', 31, 2);
INSERT INTO public.packages VALUES (826, 'Package descriptions 83 package_r is 6', 18, 1);
INSERT INTO public.packages VALUES (827, 'Package descriptions 83 package_r is 7', 14, 9);
INSERT INTO public.packages VALUES (828, 'Package descriptions 83 package_r is 8', 31, 10);
INSERT INTO public.packages VALUES (829, 'Package descriptions 83 package_r is 9', 54, 10);
INSERT INTO public.packages VALUES (830, 'Package descriptions 83 package_r is 10', 50, 9);
INSERT INTO public.packages VALUES (831, 'Package descriptions 84 package_r is 1', 58, 5);
INSERT INTO public.packages VALUES (832, 'Package descriptions 84 package_r is 2', 53, 9);
INSERT INTO public.packages VALUES (833, 'Package descriptions 84 package_r is 3', 78, 3);
INSERT INTO public.packages VALUES (834, 'Package descriptions 84 package_r is 4', 19, 6);
INSERT INTO public.packages VALUES (835, 'Package descriptions 84 package_r is 5', 65, 6);
INSERT INTO public.packages VALUES (836, 'Package descriptions 84 package_r is 6', 5, 9);
INSERT INTO public.packages VALUES (837, 'Package descriptions 84 package_r is 7', 83, 5);
INSERT INTO public.packages VALUES (838, 'Package descriptions 84 package_r is 8', 9, 3);
INSERT INTO public.packages VALUES (839, 'Package descriptions 84 package_r is 9', 43, 8);
INSERT INTO public.packages VALUES (840, 'Package descriptions 84 package_r is 10', 100, 6);
INSERT INTO public.packages VALUES (841, 'Package descriptions 85 package_r is 1', 84, 3);
INSERT INTO public.packages VALUES (842, 'Package descriptions 85 package_r is 2', 63, 8);
INSERT INTO public.packages VALUES (843, 'Package descriptions 85 package_r is 3', 32, 5);
INSERT INTO public.packages VALUES (844, 'Package descriptions 85 package_r is 4', 71, 4);
INSERT INTO public.packages VALUES (845, 'Package descriptions 85 package_r is 5', 56, 8);
INSERT INTO public.packages VALUES (846, 'Package descriptions 85 package_r is 6', 82, 7);
INSERT INTO public.packages VALUES (847, 'Package descriptions 85 package_r is 7', 60, 4);
INSERT INTO public.packages VALUES (848, 'Package descriptions 85 package_r is 8', 40, 9);
INSERT INTO public.packages VALUES (849, 'Package descriptions 85 package_r is 9', 30, 10);
INSERT INTO public.packages VALUES (850, 'Package descriptions 85 package_r is 10', 5, 4);
INSERT INTO public.packages VALUES (851, 'Package descriptions 86 package_r is 1', 70, 10);
INSERT INTO public.packages VALUES (852, 'Package descriptions 86 package_r is 2', 45, 6);
INSERT INTO public.packages VALUES (853, 'Package descriptions 86 package_r is 3', 59, 9);
INSERT INTO public.packages VALUES (854, 'Package descriptions 86 package_r is 4', 44, 8);
INSERT INTO public.packages VALUES (855, 'Package descriptions 86 package_r is 5', 91, 1);
INSERT INTO public.packages VALUES (856, 'Package descriptions 86 package_r is 6', 20, 4);
INSERT INTO public.packages VALUES (857, 'Package descriptions 86 package_r is 7', 89, 4);
INSERT INTO public.packages VALUES (858, 'Package descriptions 86 package_r is 8', 32, 9);
INSERT INTO public.packages VALUES (859, 'Package descriptions 86 package_r is 9', 39, 1);
INSERT INTO public.packages VALUES (860, 'Package descriptions 86 package_r is 10', 8, 2);
INSERT INTO public.packages VALUES (861, 'Package descriptions 87 package_r is 1', 84, 2);
INSERT INTO public.packages VALUES (862, 'Package descriptions 87 package_r is 2', 36, 2);
INSERT INTO public.packages VALUES (863, 'Package descriptions 87 package_r is 3', 13, 8);
INSERT INTO public.packages VALUES (864, 'Package descriptions 87 package_r is 4', 47, 1);
INSERT INTO public.packages VALUES (865, 'Package descriptions 87 package_r is 5', 27, 8);
INSERT INTO public.packages VALUES (866, 'Package descriptions 87 package_r is 6', 4, 8);
INSERT INTO public.packages VALUES (867, 'Package descriptions 87 package_r is 7', 99, 8);
INSERT INTO public.packages VALUES (868, 'Package descriptions 87 package_r is 8', 100, 8);
INSERT INTO public.packages VALUES (869, 'Package descriptions 87 package_r is 9', 67, 4);
INSERT INTO public.packages VALUES (870, 'Package descriptions 87 package_r is 10', 35, 3);
INSERT INTO public.packages VALUES (871, 'Package descriptions 88 package_r is 1', 5, 7);
INSERT INTO public.packages VALUES (872, 'Package descriptions 88 package_r is 2', 99, 6);
INSERT INTO public.packages VALUES (873, 'Package descriptions 88 package_r is 3', 34, 2);
INSERT INTO public.packages VALUES (874, 'Package descriptions 88 package_r is 4', 27, 5);
INSERT INTO public.packages VALUES (875, 'Package descriptions 88 package_r is 5', 11, 7);
INSERT INTO public.packages VALUES (876, 'Package descriptions 88 package_r is 6', 36, 8);
INSERT INTO public.packages VALUES (877, 'Package descriptions 88 package_r is 7', 82, 2);
INSERT INTO public.packages VALUES (878, 'Package descriptions 88 package_r is 8', 58, 1);
INSERT INTO public.packages VALUES (879, 'Package descriptions 88 package_r is 9', 37, 3);
INSERT INTO public.packages VALUES (880, 'Package descriptions 88 package_r is 10', 43, 10);
INSERT INTO public.packages VALUES (881, 'Package descriptions 89 package_r is 1', 8, 7);
INSERT INTO public.packages VALUES (882, 'Package descriptions 89 package_r is 2', 2, 2);
INSERT INTO public.packages VALUES (883, 'Package descriptions 89 package_r is 3', 18, 7);
INSERT INTO public.packages VALUES (884, 'Package descriptions 89 package_r is 4', 96, 4);
INSERT INTO public.packages VALUES (885, 'Package descriptions 89 package_r is 5', 4, 3);
INSERT INTO public.packages VALUES (886, 'Package descriptions 89 package_r is 6', 58, 5);
INSERT INTO public.packages VALUES (887, 'Package descriptions 89 package_r is 7', 66, 6);
INSERT INTO public.packages VALUES (888, 'Package descriptions 89 package_r is 8', 59, 7);
INSERT INTO public.packages VALUES (889, 'Package descriptions 89 package_r is 9', 85, 3);
INSERT INTO public.packages VALUES (890, 'Package descriptions 89 package_r is 10', 66, 6);
INSERT INTO public.packages VALUES (891, 'Package descriptions 90 package_r is 1', 101, 2);
INSERT INTO public.packages VALUES (892, 'Package descriptions 90 package_r is 2', 68, 6);
INSERT INTO public.packages VALUES (893, 'Package descriptions 90 package_r is 3', 88, 5);
INSERT INTO public.packages VALUES (894, 'Package descriptions 90 package_r is 4', 46, 10);
INSERT INTO public.packages VALUES (895, 'Package descriptions 90 package_r is 5', 36, 3);
INSERT INTO public.packages VALUES (896, 'Package descriptions 90 package_r is 6', 97, 1);
INSERT INTO public.packages VALUES (897, 'Package descriptions 90 package_r is 7', 28, 7);
INSERT INTO public.packages VALUES (898, 'Package descriptions 90 package_r is 8', 49, 3);
INSERT INTO public.packages VALUES (899, 'Package descriptions 90 package_r is 9', 78, 3);
INSERT INTO public.packages VALUES (900, 'Package descriptions 90 package_r is 10', 54, 3);
INSERT INTO public.packages VALUES (901, 'Package descriptions 91 package_r is 1', 93, 5);
INSERT INTO public.packages VALUES (902, 'Package descriptions 91 package_r is 2', 19, 2);
INSERT INTO public.packages VALUES (903, 'Package descriptions 91 package_r is 3', 92, 6);
INSERT INTO public.packages VALUES (904, 'Package descriptions 91 package_r is 4', 24, 1);
INSERT INTO public.packages VALUES (905, 'Package descriptions 91 package_r is 5', 90, 4);
INSERT INTO public.packages VALUES (906, 'Package descriptions 91 package_r is 6', 61, 4);
INSERT INTO public.packages VALUES (907, 'Package descriptions 91 package_r is 7', 56, 2);
INSERT INTO public.packages VALUES (908, 'Package descriptions 91 package_r is 8', 80, 3);
INSERT INTO public.packages VALUES (909, 'Package descriptions 91 package_r is 9', 84, 7);
INSERT INTO public.packages VALUES (910, 'Package descriptions 91 package_r is 10', 96, 5);
INSERT INTO public.packages VALUES (911, 'Package descriptions 92 package_r is 1', 17, 1);
INSERT INTO public.packages VALUES (912, 'Package descriptions 92 package_r is 2', 58, 9);
INSERT INTO public.packages VALUES (913, 'Package descriptions 92 package_r is 3', 43, 2);
INSERT INTO public.packages VALUES (914, 'Package descriptions 92 package_r is 4', 17, 10);
INSERT INTO public.packages VALUES (915, 'Package descriptions 92 package_r is 5', 101, 1);
INSERT INTO public.packages VALUES (916, 'Package descriptions 92 package_r is 6', 77, 10);
INSERT INTO public.packages VALUES (917, 'Package descriptions 92 package_r is 7', 83, 2);
INSERT INTO public.packages VALUES (918, 'Package descriptions 92 package_r is 8', 92, 8);
INSERT INTO public.packages VALUES (919, 'Package descriptions 92 package_r is 9', 84, 10);
INSERT INTO public.packages VALUES (920, 'Package descriptions 92 package_r is 10', 27, 1);
INSERT INTO public.packages VALUES (921, 'Package descriptions 93 package_r is 1', 45, 8);
INSERT INTO public.packages VALUES (922, 'Package descriptions 93 package_r is 2', 77, 8);
INSERT INTO public.packages VALUES (923, 'Package descriptions 93 package_r is 3', 82, 10);
INSERT INTO public.packages VALUES (924, 'Package descriptions 93 package_r is 4', 41, 7);
INSERT INTO public.packages VALUES (925, 'Package descriptions 93 package_r is 5', 85, 6);
INSERT INTO public.packages VALUES (926, 'Package descriptions 93 package_r is 6', 25, 3);
INSERT INTO public.packages VALUES (927, 'Package descriptions 93 package_r is 7', 54, 10);
INSERT INTO public.packages VALUES (928, 'Package descriptions 93 package_r is 8', 44, 8);
INSERT INTO public.packages VALUES (929, 'Package descriptions 93 package_r is 9', 90, 8);
INSERT INTO public.packages VALUES (930, 'Package descriptions 93 package_r is 10', 21, 5);
INSERT INTO public.packages VALUES (931, 'Package descriptions 94 package_r is 1', 45, 4);
INSERT INTO public.packages VALUES (932, 'Package descriptions 94 package_r is 2', 39, 1);
INSERT INTO public.packages VALUES (933, 'Package descriptions 94 package_r is 3', 78, 1);
INSERT INTO public.packages VALUES (934, 'Package descriptions 94 package_r is 4', 99, 7);
INSERT INTO public.packages VALUES (935, 'Package descriptions 94 package_r is 5', 30, 9);
INSERT INTO public.packages VALUES (936, 'Package descriptions 94 package_r is 6', 86, 7);
INSERT INTO public.packages VALUES (937, 'Package descriptions 94 package_r is 7', 21, 5);
INSERT INTO public.packages VALUES (938, 'Package descriptions 94 package_r is 8', 55, 4);
INSERT INTO public.packages VALUES (939, 'Package descriptions 94 package_r is 9', 67, 10);
INSERT INTO public.packages VALUES (940, 'Package descriptions 94 package_r is 10', 25, 10);
INSERT INTO public.packages VALUES (941, 'Package descriptions 95 package_r is 1', 81, 10);
INSERT INTO public.packages VALUES (942, 'Package descriptions 95 package_r is 2', 80, 8);
INSERT INTO public.packages VALUES (943, 'Package descriptions 95 package_r is 3', 78, 5);
INSERT INTO public.packages VALUES (944, 'Package descriptions 95 package_r is 4', 86, 9);
INSERT INTO public.packages VALUES (945, 'Package descriptions 95 package_r is 5', 53, 10);
INSERT INTO public.packages VALUES (946, 'Package descriptions 95 package_r is 6', 17, 3);
INSERT INTO public.packages VALUES (947, 'Package descriptions 95 package_r is 7', 46, 9);
INSERT INTO public.packages VALUES (948, 'Package descriptions 95 package_r is 8', 69, 1);
INSERT INTO public.packages VALUES (949, 'Package descriptions 95 package_r is 9', 71, 8);
INSERT INTO public.packages VALUES (950, 'Package descriptions 95 package_r is 10', 5, 5);
INSERT INTO public.packages VALUES (951, 'Package descriptions 96 package_r is 1', 50, 6);
INSERT INTO public.packages VALUES (952, 'Package descriptions 96 package_r is 2', 26, 3);
INSERT INTO public.packages VALUES (953, 'Package descriptions 96 package_r is 3', 88, 2);
INSERT INTO public.packages VALUES (954, 'Package descriptions 96 package_r is 4', 96, 5);
INSERT INTO public.packages VALUES (955, 'Package descriptions 96 package_r is 5', 42, 9);
INSERT INTO public.packages VALUES (956, 'Package descriptions 96 package_r is 6', 89, 10);
INSERT INTO public.packages VALUES (957, 'Package descriptions 96 package_r is 7', 30, 4);
INSERT INTO public.packages VALUES (958, 'Package descriptions 96 package_r is 8', 27, 4);
INSERT INTO public.packages VALUES (959, 'Package descriptions 96 package_r is 9', 30, 2);
INSERT INTO public.packages VALUES (960, 'Package descriptions 96 package_r is 10', 69, 1);
INSERT INTO public.packages VALUES (961, 'Package descriptions 97 package_r is 1', 44, 9);
INSERT INTO public.packages VALUES (962, 'Package descriptions 97 package_r is 2', 96, 10);
INSERT INTO public.packages VALUES (963, 'Package descriptions 97 package_r is 3', 59, 4);
INSERT INTO public.packages VALUES (964, 'Package descriptions 97 package_r is 4', 70, 9);
INSERT INTO public.packages VALUES (965, 'Package descriptions 97 package_r is 5', 84, 9);
INSERT INTO public.packages VALUES (966, 'Package descriptions 97 package_r is 6', 24, 10);
INSERT INTO public.packages VALUES (967, 'Package descriptions 97 package_r is 7', 90, 1);
INSERT INTO public.packages VALUES (968, 'Package descriptions 97 package_r is 8', 97, 8);
INSERT INTO public.packages VALUES (969, 'Package descriptions 97 package_r is 9', 13, 7);
INSERT INTO public.packages VALUES (970, 'Package descriptions 97 package_r is 10', 88, 1);
INSERT INTO public.packages VALUES (971, 'Package descriptions 98 package_r is 1', 50, 9);
INSERT INTO public.packages VALUES (972, 'Package descriptions 98 package_r is 2', 62, 1);
INSERT INTO public.packages VALUES (973, 'Package descriptions 98 package_r is 3', 80, 6);
INSERT INTO public.packages VALUES (974, 'Package descriptions 98 package_r is 4', 39, 1);
INSERT INTO public.packages VALUES (975, 'Package descriptions 98 package_r is 5', 10, 1);
INSERT INTO public.packages VALUES (976, 'Package descriptions 98 package_r is 6', 37, 7);
INSERT INTO public.packages VALUES (977, 'Package descriptions 98 package_r is 7', 11, 9);
INSERT INTO public.packages VALUES (978, 'Package descriptions 98 package_r is 8', 82, 3);
INSERT INTO public.packages VALUES (979, 'Package descriptions 98 package_r is 9', 57, 9);
INSERT INTO public.packages VALUES (980, 'Package descriptions 98 package_r is 10', 23, 1);
INSERT INTO public.packages VALUES (981, 'Package descriptions 99 package_r is 1', 90, 1);
INSERT INTO public.packages VALUES (982, 'Package descriptions 99 package_r is 2', 34, 4);
INSERT INTO public.packages VALUES (983, 'Package descriptions 99 package_r is 3', 42, 5);
INSERT INTO public.packages VALUES (984, 'Package descriptions 99 package_r is 4', 96, 9);
INSERT INTO public.packages VALUES (985, 'Package descriptions 99 package_r is 5', 21, 9);
INSERT INTO public.packages VALUES (986, 'Package descriptions 99 package_r is 6', 66, 1);
INSERT INTO public.packages VALUES (987, 'Package descriptions 99 package_r is 7', 2, 9);
INSERT INTO public.packages VALUES (988, 'Package descriptions 99 package_r is 8', 8, 9);
INSERT INTO public.packages VALUES (989, 'Package descriptions 99 package_r is 9', 2, 3);
INSERT INTO public.packages VALUES (990, 'Package descriptions 99 package_r is 10', 84, 10);
INSERT INTO public.packages VALUES (991, 'Package descriptions 100 package_r is 1', 7, 7);
INSERT INTO public.packages VALUES (992, 'Package descriptions 100 package_r is 2', 88, 8);
INSERT INTO public.packages VALUES (993, 'Package descriptions 100 package_r is 3', 30, 4);
INSERT INTO public.packages VALUES (994, 'Package descriptions 100 package_r is 4', 25, 5);
INSERT INTO public.packages VALUES (995, 'Package descriptions 100 package_r is 5', 88, 3);
INSERT INTO public.packages VALUES (996, 'Package descriptions 100 package_r is 6', 3, 9);
INSERT INTO public.packages VALUES (997, 'Package descriptions 100 package_r is 7', 17, 2);
INSERT INTO public.packages VALUES (998, 'Package descriptions 100 package_r is 8', 27, 8);
INSERT INTO public.packages VALUES (999, 'Package descriptions 100 package_r is 9', 25, 8);
INSERT INTO public.packages VALUES (1000, 'Package descriptions 100 package_r is 10', 80, 1);


--
-- Data for Name: postal_offices; Type: TABLE DATA; Schema: public; Owner: postgres
--

INSERT INTO public.postal_offices VALUES (1, '47-265', 1);
INSERT INTO public.postal_offices VALUES (2, '50-434', 2);
INSERT INTO public.postal_offices VALUES (3, '47-159', 3);
INSERT INTO public.postal_offices VALUES (4, '23-458', 4);
INSERT INTO public.postal_offices VALUES (5, '06-363', 5);
INSERT INTO public.postal_offices VALUES (6, '64-742', 6);
INSERT INTO public.postal_offices VALUES (7, '66-122', 7);
INSERT INTO public.postal_offices VALUES (8, '08-984', 8);
INSERT INTO public.postal_offices VALUES (9, '91-096', 9);
INSERT INTO public.postal_offices VALUES (10, '69-800', 10);
INSERT INTO public.postal_offices VALUES (11, '65-555', 11);
INSERT INTO public.postal_offices VALUES (12, '32-285', 12);
INSERT INTO public.postal_offices VALUES (13, '49-098', 13);
INSERT INTO public.postal_offices VALUES (14, '44-633', 14);
INSERT INTO public.postal_offices VALUES (15, '79-157', 15);
INSERT INTO public.postal_offices VALUES (16, '14-759', 16);
INSERT INTO public.postal_offices VALUES (17, '92-632', 17);
INSERT INTO public.postal_offices VALUES (18, '25-387', 18);
INSERT INTO public.postal_offices VALUES (19, '02-364', 19);
INSERT INTO public.postal_offices VALUES (20, '10-914', 20);
INSERT INTO public.postal_offices VALUES (21, '85-268', 21);
INSERT INTO public.postal_offices VALUES (22, '60-512', 22);
INSERT INTO public.postal_offices VALUES (23, '96-900', 23);
INSERT INTO public.postal_offices VALUES (24, '82-204', 24);
INSERT INTO public.postal_offices VALUES (25, '44-565', 25);
INSERT INTO public.postal_offices VALUES (26, '73-939', 26);
INSERT INTO public.postal_offices VALUES (27, '75-687', 27);
INSERT INTO public.postal_offices VALUES (28, '15-081', 28);
INSERT INTO public.postal_offices VALUES (29, '46-037', 29);
INSERT INTO public.postal_offices VALUES (30, '30-536', 30);
INSERT INTO public.postal_offices VALUES (31, '94-481', 31);
INSERT INTO public.postal_offices VALUES (32, '39-174', 32);
INSERT INTO public.postal_offices VALUES (33, '25-520', 33);
INSERT INTO public.postal_offices VALUES (34, '13-181', 34);
INSERT INTO public.postal_offices VALUES (35, '55-142', 35);
INSERT INTO public.postal_offices VALUES (36, '48-225', 36);
INSERT INTO public.postal_offices VALUES (37, '21-090', 37);
INSERT INTO public.postal_offices VALUES (38, '10-582', 38);
INSERT INTO public.postal_offices VALUES (39, '85-345', 39);
INSERT INTO public.postal_offices VALUES (40, '13-219', 40);
INSERT INTO public.postal_offices VALUES (41, '57-837', 41);
INSERT INTO public.postal_offices VALUES (42, '33-480', 42);
INSERT INTO public.postal_offices VALUES (43, '33-331', 43);
INSERT INTO public.postal_offices VALUES (44, '30-872', 44);
INSERT INTO public.postal_offices VALUES (45, '42-342', 45);
INSERT INTO public.postal_offices VALUES (46, '23-913', 46);
INSERT INTO public.postal_offices VALUES (47, '99-307', 47);
INSERT INTO public.postal_offices VALUES (48, '78-025', 48);
INSERT INTO public.postal_offices VALUES (49, '54-268', 49);
INSERT INTO public.postal_offices VALUES (50, '29-631', 50);
INSERT INTO public.postal_offices VALUES (51, '08-161', 51);
INSERT INTO public.postal_offices VALUES (52, '66-493', 52);
INSERT INTO public.postal_offices VALUES (53, '47-724', 53);
INSERT INTO public.postal_offices VALUES (54, '90-491', 54);
INSERT INTO public.postal_offices VALUES (55, '75-275', 55);
INSERT INTO public.postal_offices VALUES (56, '70-231', 56);
INSERT INTO public.postal_offices VALUES (57, '94-768', 57);
INSERT INTO public.postal_offices VALUES (58, '57-660', 58);
INSERT INTO public.postal_offices VALUES (59, '68-042', 59);
INSERT INTO public.postal_offices VALUES (60, '74-228', 60);
INSERT INTO public.postal_offices VALUES (61, '96-453', 61);
INSERT INTO public.postal_offices VALUES (62, '94-976', 62);
INSERT INTO public.postal_offices VALUES (63, '54-419', 63);
INSERT INTO public.postal_offices VALUES (64, '48-302', 64);
INSERT INTO public.postal_offices VALUES (65, '30-900', 65);
INSERT INTO public.postal_offices VALUES (66, '93-604', 66);
INSERT INTO public.postal_offices VALUES (67, '80-652', 67);
INSERT INTO public.postal_offices VALUES (68, '82-370', 68);
INSERT INTO public.postal_offices VALUES (69, '42-999', 69);
INSERT INTO public.postal_offices VALUES (70, '98-784', 70);
INSERT INTO public.postal_offices VALUES (71, '20-144', 71);
INSERT INTO public.postal_offices VALUES (72, '46-539', 72);
INSERT INTO public.postal_offices VALUES (73, '95-153', 73);
INSERT INTO public.postal_offices VALUES (74, '27-294', 74);
INSERT INTO public.postal_offices VALUES (75, '47-127', 75);
INSERT INTO public.postal_offices VALUES (76, '99-652', 76);
INSERT INTO public.postal_offices VALUES (77, '12-087', 77);
INSERT INTO public.postal_offices VALUES (78, '44-742', 78);
INSERT INTO public.postal_offices VALUES (79, '78-941', 79);
INSERT INTO public.postal_offices VALUES (80, '50-347', 80);
INSERT INTO public.postal_offices VALUES (81, '90-182', 81);
INSERT INTO public.postal_offices VALUES (82, '18-310', 82);
INSERT INTO public.postal_offices VALUES (83, '86-191', 83);
INSERT INTO public.postal_offices VALUES (84, '87-852', 84);
INSERT INTO public.postal_offices VALUES (85, '26-437', 85);
INSERT INTO public.postal_offices VALUES (86, '46-899', 86);
INSERT INTO public.postal_offices VALUES (87, '84-389', 87);
INSERT INTO public.postal_offices VALUES (88, '41-262', 88);
INSERT INTO public.postal_offices VALUES (89, '11-040', 89);
INSERT INTO public.postal_offices VALUES (90, '90-762', 90);
INSERT INTO public.postal_offices VALUES (91, '45-850', 91);
INSERT INTO public.postal_offices VALUES (92, '70-911', 92);
INSERT INTO public.postal_offices VALUES (93, '15-961', 93);
INSERT INTO public.postal_offices VALUES (94, '71-429', 94);
INSERT INTO public.postal_offices VALUES (95, '61-978', 95);
INSERT INTO public.postal_offices VALUES (96, '77-495', 96);
INSERT INTO public.postal_offices VALUES (97, '34-849', 97);
INSERT INTO public.postal_offices VALUES (98, '90-400', 98);
INSERT INTO public.postal_offices VALUES (99, '13-910', 99);
INSERT INTO public.postal_offices VALUES (100, '32-666', 100);


--
-- Data for Name: streets; Type: TABLE DATA; Schema: public; Owner: postgres
--

INSERT INTO public.streets VALUES (1, 'Ogrodowa');
INSERT INTO public.streets VALUES (2, 'Spacerowa');
INSERT INTO public.streets VALUES (3, 'Łąkowa');
INSERT INTO public.streets VALUES (4, '1 Maja');
INSERT INTO public.streets VALUES (5, 'Chabrowa');
INSERT INTO public.streets VALUES (6, 'Fabryczna');
INSERT INTO public.streets VALUES (7, 'Grunwaldzka');
INSERT INTO public.streets VALUES (8, 'Główna');
INSERT INTO public.streets VALUES (9, 'Jagiellońska');
INSERT INTO public.streets VALUES (10, 'Kasztelański Pl.');
INSERT INTO public.streets VALUES (11, 'Kolejowa');
INSERT INTO public.streets VALUES (12, 'Krakowska');
INSERT INTO public.streets VALUES (13, 'Kwiatowa');
INSERT INTO public.streets VALUES (14, 'Leśna');
INSERT INTO public.streets VALUES (15, 'Lipowa');
INSERT INTO public.streets VALUES (16, 'Męki Pańskiej');
INSERT INTO public.streets VALUES (17, 'Mickiewicza Adama');
INSERT INTO public.streets VALUES (18, 'Noworudzka');
INSERT INTO public.streets VALUES (19, 'Ogrodowa');
INSERT INTO public.streets VALUES (20, 'Polna');
INSERT INTO public.streets VALUES (21, 'Różańcowa');
INSERT INTO public.streets VALUES (22, 'Rynek');
INSERT INTO public.streets VALUES (23, 'Skalna');
INSERT INTO public.streets VALUES (24, 'Spacerowa');
INSERT INTO public.streets VALUES (25, 'Słoneczna');
INSERT INTO public.streets VALUES (26, 'Tadeusza Kościuszki');
INSERT INTO public.streets VALUES (27, 'Wolności');
INSERT INTO public.streets VALUES (28, 'Wrzosowa');
INSERT INTO public.streets VALUES (29, 'Zielona');
INSERT INTO public.streets VALUES (30, 'Brzozów A');
INSERT INTO public.streets VALUES (31, 'Bukowa');
INSERT INTO public.streets VALUES (32, 'Generała Karola Świerczewskiego');
INSERT INTO public.streets VALUES (33, 'Jasna');
INSERT INTO public.streets VALUES (34, 'Kurhanowa');
INSERT INTO public.streets VALUES (35, 'Kwiatowa');
INSERT INTO public.streets VALUES (36, 'Polna');
INSERT INTO public.streets VALUES (37, 'Sosnowa');
INSERT INTO public.streets VALUES (38, 'Strażacka');
INSERT INTO public.streets VALUES (39, 'Wierzbowa');
INSERT INTO public.streets VALUES (40, 'Wolności');
INSERT INTO public.streets VALUES (41, 'Wrzosowa');
INSERT INTO public.streets VALUES (42, 'Łeśna');
INSERT INTO public.streets VALUES (43, 'Dębowa');
INSERT INTO public.streets VALUES (44, 'Zacisze');
INSERT INTO public.streets VALUES (45, 'Graniczna');
INSERT INTO public.streets VALUES (46, 'Leśna');
INSERT INTO public.streets VALUES (47, 'Akacjowa');
INSERT INTO public.streets VALUES (48, 'Brzozowa');
INSERT INTO public.streets VALUES (49, 'Cedrowa');
INSERT INTO public.streets VALUES (50, 'Dębowa');
INSERT INTO public.streets VALUES (51, 'Harcerska');
INSERT INTO public.streets VALUES (52, 'Irysowa');
INSERT INTO public.streets VALUES (53, 'Jaśminowa');
INSERT INTO public.streets VALUES (54, 'Jodłowa');
INSERT INTO public.streets VALUES (55, 'Kamienna');
INSERT INTO public.streets VALUES (56, 'Leśna');
INSERT INTO public.streets VALUES (57, 'Miętowa');
INSERT INTO public.streets VALUES (58, 'Piastowska');
INSERT INTO public.streets VALUES (59, 'Różana');
INSERT INTO public.streets VALUES (60, 'Sosnowa');
INSERT INTO public.streets VALUES (61, 'Spacerowa');
INSERT INTO public.streets VALUES (62, 'Sportowa');
INSERT INTO public.streets VALUES (63, 'Szafirowa');
INSERT INTO public.streets VALUES (64, 'Szkolna');
INSERT INTO public.streets VALUES (65, 'Słoneczna');
INSERT INTO public.streets VALUES (66, 'Tulipanowa');
INSERT INTO public.streets VALUES (67, 'Tymiankowa');
INSERT INTO public.streets VALUES (68, 'Widokowa');
INSERT INTO public.streets VALUES (69, 'Agrestowa');
INSERT INTO public.streets VALUES (70, 'Akacjowa');
INSERT INTO public.streets VALUES (71, 'Atramentowa');
INSERT INTO public.streets VALUES (72, 'Boczna');
INSERT INTO public.streets VALUES (73, 'Brak Danych Brak Danych Brak Danych Liliowa');
INSERT INTO public.streets VALUES (74, 'Brzoskwiniowa');
INSERT INTO public.streets VALUES (75, 'Brzozowa');
INSERT INTO public.streets VALUES (76, 'Bzowa');
INSERT INTO public.streets VALUES (77, 'Błękitna');
INSERT INTO public.streets VALUES (78, 'Cicha');
INSERT INTO public.streets VALUES (79, 'Cisowa');
INSERT INTO public.streets VALUES (80, 'Cytrynowa');
INSERT INTO public.streets VALUES (81, 'Czekoladowa');
INSERT INTO public.streets VALUES (82, 'Czereśniowa');
INSERT INTO public.streets VALUES (83, 'Dębowa');
INSERT INTO public.streets VALUES (84, 'Dwa Światy');
INSERT INTO public.streets VALUES (85, 'Dworcowa');
INSERT INTO public.streets VALUES (86, 'Fiołkowa');
INSERT INTO public.streets VALUES (87, 'Francuska');
INSERT INTO public.streets VALUES (88, 'Irysowa');
INSERT INTO public.streets VALUES (89, 'Jabłoniowa');
INSERT INTO public.streets VALUES (90, 'Jagodowa');
INSERT INTO public.streets VALUES (91, 'Jesionowa');
INSERT INTO public.streets VALUES (92, 'Jeżynowa');
INSERT INTO public.streets VALUES (93, 'Kalinowa');
INSERT INTO public.streets VALUES (94, 'Kasztanowa');
INSERT INTO public.streets VALUES (95, 'Klecińska');
INSERT INTO public.streets VALUES (96, 'Klonowa');
INSERT INTO public.streets VALUES (97, 'Kolejowa');
INSERT INTO public.streets VALUES (98, 'Konwaliowa');
INSERT INTO public.streets VALUES (99, 'Krokusowa');
INSERT INTO public.streets VALUES (100, 'Kwiatowa');


--
-- Data for Name: towns; Type: TABLE DATA; Schema: public; Owner: postgres
--

INSERT INTO public.towns VALUES (1, 'Bąki');
INSERT INTO public.towns VALUES (2, 'Bardo');
INSERT INTO public.towns VALUES (3, 'Będkowice');
INSERT INTO public.towns VALUES (4, 'Będkowo');
INSERT INTO public.towns VALUES (5, 'Białe Błoto');
INSERT INTO public.towns VALUES (6, 'Białopole');
INSERT INTO public.towns VALUES (7, 'Biały Kościół');
INSERT INTO public.towns VALUES (8, 'Bielany Wrocławskie');
INSERT INTO public.towns VALUES (9, 'Bielawa');
INSERT INTO public.towns VALUES (10, 'Bierutów');
INSERT INTO public.towns VALUES (11, 'Biestrzyków');
INSERT INTO public.towns VALUES (12, 'Biskupice');
INSERT INTO public.towns VALUES (13, 'Biskupice Oławskie');
INSERT INTO public.towns VALUES (14, 'Biskupice Podgórne');
INSERT INTO public.towns VALUES (15, 'Blizanowice');
INSERT INTO public.towns VALUES (16, 'Boboszów');
INSERT INTO public.towns VALUES (17, 'Bogatynia');
INSERT INTO public.towns VALUES (18, 'Bogatynia');
INSERT INTO public.towns VALUES (19, 'Bogdaszowice');
INSERT INTO public.towns VALUES (20, 'Boguszów-Gorce');
INSERT INTO public.towns VALUES (21, 'Boguszów-Gorce');
INSERT INTO public.towns VALUES (22, 'Boguszów-Gorce');
INSERT INTO public.towns VALUES (23, 'Bogusławice');
INSERT INTO public.towns VALUES (24, 'Bolesławiec');
INSERT INTO public.towns VALUES (25, 'Bolków');
INSERT INTO public.towns VALUES (26, 'Borek');
INSERT INTO public.towns VALUES (27, 'Borek Strzeliński');
INSERT INTO public.towns VALUES (28, 'Borów');
INSERT INTO public.towns VALUES (29, 'Borowa');
INSERT INTO public.towns VALUES (30, 'Borowice');
INSERT INTO public.towns VALUES (31, 'Borzygniew');
INSERT INTO public.towns VALUES (32, 'Bratowice');
INSERT INTO public.towns VALUES (33, 'Brochocin');
INSERT INTO public.towns VALUES (34, 'Brzeg Dolny');
INSERT INTO public.towns VALUES (35, 'Brzeg Głogowski');
INSERT INTO public.towns VALUES (36, 'Brzezia Łąka');
INSERT INTO public.towns VALUES (37, 'Brzezina');
INSERT INTO public.towns VALUES (38, 'Brzezinka Średzka');
INSERT INTO public.towns VALUES (39, 'Brzezinki');
INSERT INTO public.towns VALUES (40, 'Budziszów');
INSERT INTO public.towns VALUES (41, 'Budzów');
INSERT INTO public.towns VALUES (42, 'Buków');
INSERT INTO public.towns VALUES (43, 'Bukowice');
INSERT INTO public.towns VALUES (44, 'Bukowiec');
INSERT INTO public.towns VALUES (45, 'Bukwica');
INSERT INTO public.towns VALUES (46, 'Burkatów');
INSERT INTO public.towns VALUES (47, 'Byków');
INSERT INTO public.towns VALUES (48, 'Bystre');
INSERT INTO public.towns VALUES (49, 'Bystrzyca');
INSERT INTO public.towns VALUES (50, 'Bystrzyca Górna');
INSERT INTO public.towns VALUES (51, 'Bystrzyca Kłodzka');
INSERT INTO public.towns VALUES (52, 'Bytnik');
INSERT INTO public.towns VALUES (53, 'Błonie');
INSERT INTO public.towns VALUES (54, 'Celina');
INSERT INTO public.towns VALUES (55, 'Cerekwica');
INSERT INTO public.towns VALUES (56, 'Cesarzowice');
INSERT INTO public.towns VALUES (57, 'Chełm');
INSERT INTO public.towns VALUES (58, 'Chełmsko Śląskie');
INSERT INTO public.towns VALUES (59, 'Chobienia');
INSERT INTO public.towns VALUES (60, 'Chocianów');
INSERT INTO public.towns VALUES (61, 'Chojnów');
INSERT INTO public.towns VALUES (62, 'Chomiąża');
INSERT INTO public.towns VALUES (63, 'Chrzanów');
INSERT INTO public.towns VALUES (64, 'Chrząstawa Mała');
INSERT INTO public.towns VALUES (65, 'Chrząstawa Wielka');
INSERT INTO public.towns VALUES (66, 'Chwaliszów');
INSERT INTO public.towns VALUES (67, 'Chwałowice');
INSERT INTO public.towns VALUES (68, 'Ciechów');
INSERT INTO public.towns VALUES (69, 'Ciepłowody');
INSERT INTO public.towns VALUES (70, 'Cieszków');
INSERT INTO public.towns VALUES (71, 'Cieszów');
INSERT INTO public.towns VALUES (72, 'Cieszyce');
INSERT INTO public.towns VALUES (73, 'Czarny Bór');
INSERT INTO public.towns VALUES (74, 'Czatkowice');
INSERT INTO public.towns VALUES (75, 'Czerna');
INSERT INTO public.towns VALUES (76, 'Czerńczyce');
INSERT INTO public.towns VALUES (77, 'Czernica');
INSERT INTO public.towns VALUES (78, 'Czerniec');
INSERT INTO public.towns VALUES (79, 'Czernina');
INSERT INTO public.towns VALUES (80, 'Czerwona Woda');
INSERT INTO public.towns VALUES (81, 'Czeszów');
INSERT INTO public.towns VALUES (82, 'Dalborowice');
INSERT INTO public.towns VALUES (83, 'Damianowice');
INSERT INTO public.towns VALUES (84, 'Dankowice');
INSERT INTO public.towns VALUES (85, 'Dębice');
INSERT INTO public.towns VALUES (86, 'Dębina');
INSERT INTO public.towns VALUES (87, 'Dębowina');
INSERT INTO public.towns VALUES (88, 'Dobkowice');
INSERT INTO public.towns VALUES (89, 'Dobra');
INSERT INTO public.towns VALUES (90, 'Dobrocin');
INSERT INTO public.towns VALUES (91, 'Dobromierz');
INSERT INTO public.towns VALUES (92, 'Dobroszyce');
INSERT INTO public.towns VALUES (93, 'Dobrzykowice');
INSERT INTO public.towns VALUES (94, 'Domanice');
INSERT INTO public.towns VALUES (95, 'Domaniów');
INSERT INTO public.towns VALUES (96, 'Domaszków');
INSERT INTO public.towns VALUES (97, 'Domasław');
INSERT INTO public.towns VALUES (98, 'Drzemlikowice');
INSERT INTO public.towns VALUES (99, 'Duszniki-Zdrój');
INSERT INTO public.towns VALUES (100, 'Dziadowa Kłoda');


--
-- Data for Name: users; Type: TABLE DATA; Schema: public; Owner: postgres
--

INSERT INTO public.users VALUES (1, 'User1');
INSERT INTO public.users VALUES (2, 'User2');
INSERT INTO public.users VALUES (3, 'User3');
INSERT INTO public.users VALUES (4, 'User4');
INSERT INTO public.users VALUES (5, 'User5');
INSERT INTO public.users VALUES (6, 'User6');
INSERT INTO public.users VALUES (7, 'User7');
INSERT INTO public.users VALUES (8, 'User8');
INSERT INTO public.users VALUES (9, 'User9');
INSERT INTO public.users VALUES (10, 'User10');
INSERT INTO public.users VALUES (11, 'User11');
INSERT INTO public.users VALUES (12, 'User12');
INSERT INTO public.users VALUES (13, 'User13');
INSERT INTO public.users VALUES (14, 'User14');
INSERT INTO public.users VALUES (15, 'User15');
INSERT INTO public.users VALUES (16, 'User16');
INSERT INTO public.users VALUES (17, 'User17');
INSERT INTO public.users VALUES (18, 'User18');
INSERT INTO public.users VALUES (19, 'User19');
INSERT INTO public.users VALUES (20, 'User20');
INSERT INTO public.users VALUES (21, 'User21');
INSERT INTO public.users VALUES (22, 'User22');
INSERT INTO public.users VALUES (23, 'User23');
INSERT INTO public.users VALUES (24, 'User24');
INSERT INTO public.users VALUES (25, 'User25');
INSERT INTO public.users VALUES (26, 'User26');
INSERT INTO public.users VALUES (27, 'User27');
INSERT INTO public.users VALUES (28, 'User28');
INSERT INTO public.users VALUES (29, 'User29');
INSERT INTO public.users VALUES (30, 'User30');
INSERT INTO public.users VALUES (31, 'User31');
INSERT INTO public.users VALUES (32, 'User32');
INSERT INTO public.users VALUES (33, 'User33');
INSERT INTO public.users VALUES (34, 'User34');
INSERT INTO public.users VALUES (35, 'User35');
INSERT INTO public.users VALUES (36, 'User36');
INSERT INTO public.users VALUES (37, 'User37');
INSERT INTO public.users VALUES (38, 'User38');
INSERT INTO public.users VALUES (39, 'User39');
INSERT INTO public.users VALUES (40, 'User40');
INSERT INTO public.users VALUES (41, 'User41');
INSERT INTO public.users VALUES (42, 'User42');
INSERT INTO public.users VALUES (43, 'User43');
INSERT INTO public.users VALUES (44, 'User44');
INSERT INTO public.users VALUES (45, 'User45');
INSERT INTO public.users VALUES (46, 'User46');
INSERT INTO public.users VALUES (47, 'User47');
INSERT INTO public.users VALUES (48, 'User48');
INSERT INTO public.users VALUES (49, 'User49');
INSERT INTO public.users VALUES (50, 'User50');
INSERT INTO public.users VALUES (51, 'User51');
INSERT INTO public.users VALUES (52, 'User52');
INSERT INTO public.users VALUES (53, 'User53');
INSERT INTO public.users VALUES (54, 'User54');
INSERT INTO public.users VALUES (55, 'User55');
INSERT INTO public.users VALUES (56, 'User56');
INSERT INTO public.users VALUES (57, 'User57');
INSERT INTO public.users VALUES (58, 'User58');
INSERT INTO public.users VALUES (59, 'User59');
INSERT INTO public.users VALUES (60, 'User60');
INSERT INTO public.users VALUES (61, 'User61');
INSERT INTO public.users VALUES (62, 'User62');
INSERT INTO public.users VALUES (63, 'User63');
INSERT INTO public.users VALUES (64, 'User64');
INSERT INTO public.users VALUES (65, 'User65');
INSERT INTO public.users VALUES (66, 'User66');
INSERT INTO public.users VALUES (67, 'User67');
INSERT INTO public.users VALUES (68, 'User68');
INSERT INTO public.users VALUES (69, 'User69');
INSERT INTO public.users VALUES (70, 'User70');
INSERT INTO public.users VALUES (71, 'User71');
INSERT INTO public.users VALUES (72, 'User72');
INSERT INTO public.users VALUES (73, 'User73');
INSERT INTO public.users VALUES (74, 'User74');
INSERT INTO public.users VALUES (75, 'User75');
INSERT INTO public.users VALUES (76, 'User76');
INSERT INTO public.users VALUES (77, 'User77');
INSERT INTO public.users VALUES (78, 'User78');
INSERT INTO public.users VALUES (79, 'User79');
INSERT INTO public.users VALUES (80, 'User80');
INSERT INTO public.users VALUES (81, 'User81');
INSERT INTO public.users VALUES (82, 'User82');
INSERT INTO public.users VALUES (83, 'User83');
INSERT INTO public.users VALUES (84, 'User84');
INSERT INTO public.users VALUES (85, 'User85');
INSERT INTO public.users VALUES (86, 'User86');
INSERT INTO public.users VALUES (87, 'User87');
INSERT INTO public.users VALUES (88, 'User88');
INSERT INTO public.users VALUES (89, 'User89');
INSERT INTO public.users VALUES (90, 'User90');
INSERT INTO public.users VALUES (91, 'User91');
INSERT INTO public.users VALUES (92, 'User92');
INSERT INTO public.users VALUES (93, 'User93');
INSERT INTO public.users VALUES (94, 'User94');
INSERT INTO public.users VALUES (95, 'User95');
INSERT INTO public.users VALUES (96, 'User96');
INSERT INTO public.users VALUES (97, 'User97');
INSERT INTO public.users VALUES (98, 'User98');
INSERT INTO public.users VALUES (99, 'User99');
INSERT INTO public.users VALUES (100, 'User100');


--
-- Data for Name: users_history; Type: TABLE DATA; Schema: public; Owner: postgres
--



--
-- Data for Name: voivodeships; Type: TABLE DATA; Schema: public; Owner: postgres
--

INSERT INTO public.voivodeships VALUES (1, 'dolnośląskie');
INSERT INTO public.voivodeships VALUES (2, 'kujawsko-pomorskie');
INSERT INTO public.voivodeships VALUES (3, 'lubelskie');
INSERT INTO public.voivodeships VALUES (4, 'lubuskie');
INSERT INTO public.voivodeships VALUES (5, 'łódzkie');
INSERT INTO public.voivodeships VALUES (6, 'małopolskie');
INSERT INTO public.voivodeships VALUES (7, 'mazowieckie');
INSERT INTO public.voivodeships VALUES (8, 'opolskie');
INSERT INTO public.voivodeships VALUES (9, 'podkarpackie');
INSERT INTO public.voivodeships VALUES (10, 'podlaskie');
INSERT INTO public.voivodeships VALUES (11, 'pomorskie');
INSERT INTO public.voivodeships VALUES (12, 'śląskie');
INSERT INTO public.voivodeships VALUES (13, 'świętokrzyskie');
INSERT INTO public.voivodeships VALUES (14, 'warmińsko-mazurskie');
INSERT INTO public.voivodeships VALUES (15, 'wielkopolskie');
INSERT INTO public.voivodeships VALUES (16, 'zachodniopomorskie');


--
-- Name: addresses_id_seq; Type: SEQUENCE SET; Schema: public; Owner: postgres
--

SELECT pg_catalog.setval('public.addresses_id_seq', 100, true);


--
-- Name: clients_id_seq; Type: SEQUENCE SET; Schema: public; Owner: postgres
--

SELECT pg_catalog.setval('public.clients_id_seq', 100, true);


--
-- Name: countries_id_seq; Type: SEQUENCE SET; Schema: public; Owner: postgres
--

SELECT pg_catalog.setval('public.countries_id_seq', 193, true);


--
-- Name: order_data_id_seq; Type: SEQUENCE SET; Schema: public; Owner: postgres
--

SELECT pg_catalog.setval('public.order_data_id_seq', 1000, true);


--
-- Name: order_data_packages_id_seq; Type: SEQUENCE SET; Schema: public; Owner: postgres
--

SELECT pg_catalog.setval('public.order_data_packages_id_seq', 1000, true);


--
-- Name: orders_id_seq; Type: SEQUENCE SET; Schema: public; Owner: postgres
--

SELECT pg_catalog.setval('public.orders_id_seq', 100, true);


--
-- Name: package_types_id_seq; Type: SEQUENCE SET; Schema: public; Owner: postgres
--

SELECT pg_catalog.setval('public.package_types_id_seq', 10, true);


--
-- Name: packages_id_seq; Type: SEQUENCE SET; Schema: public; Owner: postgres
--

SELECT pg_catalog.setval('public.packages_id_seq', 1000, true);


--
-- Name: packages_weight_seq; Type: SEQUENCE SET; Schema: public; Owner: postgres
--

SELECT pg_catalog.setval('public.packages_weight_seq', 1, false);


--
-- Name: postal_offices_id_seq; Type: SEQUENCE SET; Schema: public; Owner: postgres
--

SELECT pg_catalog.setval('public.postal_offices_id_seq', 100, true);


--
-- Name: streets_id_seq; Type: SEQUENCE SET; Schema: public; Owner: postgres
--

SELECT pg_catalog.setval('public.streets_id_seq', 100, true);


--
-- Name: towns_id_seq; Type: SEQUENCE SET; Schema: public; Owner: postgres
--

SELECT pg_catalog.setval('public.towns_id_seq', 100, true);


--
-- Name: users_history_id_seq; Type: SEQUENCE SET; Schema: public; Owner: postgres
--

SELECT pg_catalog.setval('public.users_history_id_seq', 1, false);


--
-- Name: users_id_seq; Type: SEQUENCE SET; Schema: public; Owner: postgres
--

SELECT pg_catalog.setval('public.users_id_seq', 100, true);


--
-- Name: voivodeships_id_seq; Type: SEQUENCE SET; Schema: public; Owner: postgres
--

SELECT pg_catalog.setval('public.voivodeships_id_seq', 16, true);


--
-- Name: addresses addresses_pkey; Type: CONSTRAINT; Schema: public; Owner: postgres
--

ALTER TABLE ONLY public.addresses
    ADD CONSTRAINT addresses_pkey PRIMARY KEY (id);


--
-- Name: clients clients_pkey; Type: CONSTRAINT; Schema: public; Owner: postgres
--

ALTER TABLE ONLY public.clients
    ADD CONSTRAINT clients_pkey PRIMARY KEY (id);


--
-- Name: countries countries_pkey; Type: CONSTRAINT; Schema: public; Owner: postgres
--

ALTER TABLE ONLY public.countries
    ADD CONSTRAINT countries_pkey PRIMARY KEY (id);


--
-- Name: order_data_packages order_data_packages_pkey; Type: CONSTRAINT; Schema: public; Owner: postgres
--

ALTER TABLE ONLY public.order_data_packages
    ADD CONSTRAINT order_data_packages_pkey PRIMARY KEY (id);


--
-- Name: order_data order_data_pkey; Type: CONSTRAINT; Schema: public; Owner: postgres
--

ALTER TABLE ONLY public.order_data
    ADD CONSTRAINT order_data_pkey PRIMARY KEY (id);


--
-- Name: orders orders_pkey; Type: CONSTRAINT; Schema: public; Owner: postgres
--

ALTER TABLE ONLY public.orders
    ADD CONSTRAINT orders_pkey PRIMARY KEY (id);


--
-- Name: package_types package_types_pkey; Type: CONSTRAINT; Schema: public; Owner: postgres
--

ALTER TABLE ONLY public.package_types
    ADD CONSTRAINT package_types_pkey PRIMARY KEY (id);


--
-- Name: packages packages_pkey; Type: CONSTRAINT; Schema: public; Owner: postgres
--

ALTER TABLE ONLY public.packages
    ADD CONSTRAINT packages_pkey PRIMARY KEY (id);


--
-- Name: postal_offices postal_offices_pkey; Type: CONSTRAINT; Schema: public; Owner: postgres
--

ALTER TABLE ONLY public.postal_offices
    ADD CONSTRAINT postal_offices_pkey PRIMARY KEY (id);


--
-- Name: streets streets_pkey; Type: CONSTRAINT; Schema: public; Owner: postgres
--

ALTER TABLE ONLY public.streets
    ADD CONSTRAINT streets_pkey PRIMARY KEY (id);


--
-- Name: towns towns_pkey; Type: CONSTRAINT; Schema: public; Owner: postgres
--

ALTER TABLE ONLY public.towns
    ADD CONSTRAINT towns_pkey PRIMARY KEY (id);


--
-- Name: users_history users_history_pkey; Type: CONSTRAINT; Schema: public; Owner: postgres
--

ALTER TABLE ONLY public.users_history
    ADD CONSTRAINT users_history_pkey PRIMARY KEY (id);


--
-- Name: users users_pkey; Type: CONSTRAINT; Schema: public; Owner: postgres
--

ALTER TABLE ONLY public.users
    ADD CONSTRAINT users_pkey PRIMARY KEY (id);


--
-- Name: voivodeships voivodeships_pkey; Type: CONSTRAINT; Schema: public; Owner: postgres
--

ALTER TABLE ONLY public.voivodeships
    ADD CONSTRAINT voivodeships_pkey PRIMARY KEY (id);


--
-- Name: vrl_index; Type: INDEX; Schema: public; Owner: postgres
--

CREATE INDEX vrl_index ON public.order_data USING btree (date);


--
-- Name: users log_users_update; Type: TRIGGER; Schema: public; Owner: postgres
--

CREATE TRIGGER log_users_update AFTER UPDATE ON public.users FOR EACH ROW WHEN ((old.* IS DISTINCT FROM new.*)) EXECUTE FUNCTION public.update_users();


--
-- Name: clients fk_address; Type: FK CONSTRAINT; Schema: public; Owner: postgres
--

ALTER TABLE ONLY public.clients
    ADD CONSTRAINT fk_address FOREIGN KEY (address_id) REFERENCES public.addresses(id);


--
-- Name: order_data fk_author; Type: FK CONSTRAINT; Schema: public; Owner: postgres
--

ALTER TABLE ONLY public.order_data
    ADD CONSTRAINT fk_author FOREIGN KEY (author_id) REFERENCES public.users(id);


--
-- Name: addresses fk_country; Type: FK CONSTRAINT; Schema: public; Owner: postgres
--

ALTER TABLE ONLY public.addresses
    ADD CONSTRAINT fk_country FOREIGN KEY (country_id) REFERENCES public.countries(id);


--
-- Name: order_data fk_order; Type: FK CONSTRAINT; Schema: public; Owner: postgres
--

ALTER TABLE ONLY public.order_data
    ADD CONSTRAINT fk_order FOREIGN KEY (order_id) REFERENCES public.orders(id);


--
-- Name: order_data_packages fk_order_data; Type: FK CONSTRAINT; Schema: public; Owner: postgres
--

ALTER TABLE ONLY public.order_data_packages
    ADD CONSTRAINT fk_order_data FOREIGN KEY (order_data_id) REFERENCES public.order_data(id);


--
-- Name: order_data_packages fk_package; Type: FK CONSTRAINT; Schema: public; Owner: postgres
--

ALTER TABLE ONLY public.order_data_packages
    ADD CONSTRAINT fk_package FOREIGN KEY (package_id) REFERENCES public.packages(id);


--
-- Name: packages fk_package_type; Type: FK CONSTRAINT; Schema: public; Owner: postgres
--

ALTER TABLE ONLY public.packages
    ADD CONSTRAINT fk_package_type FOREIGN KEY (package_type_id) REFERENCES public.package_types(id);


--
-- Name: postal_offices fk_po_town; Type: FK CONSTRAINT; Schema: public; Owner: postgres
--

ALTER TABLE ONLY public.postal_offices
    ADD CONSTRAINT fk_po_town FOREIGN KEY (town_id) REFERENCES public.towns(id);


--
-- Name: addresses fk_postal_office; Type: FK CONSTRAINT; Schema: public; Owner: postgres
--

ALTER TABLE ONLY public.addresses
    ADD CONSTRAINT fk_postal_office FOREIGN KEY (postal_office_id) REFERENCES public.postal_offices(id);


--
-- Name: order_data fk_receiver; Type: FK CONSTRAINT; Schema: public; Owner: postgres
--

ALTER TABLE ONLY public.order_data
    ADD CONSTRAINT fk_receiver FOREIGN KEY (receiver_id) REFERENCES public.clients(id);


--
-- Name: order_data fk_sender; Type: FK CONSTRAINT; Schema: public; Owner: postgres
--

ALTER TABLE ONLY public.order_data
    ADD CONSTRAINT fk_sender FOREIGN KEY (sender_id) REFERENCES public.clients(id);


--
-- Name: addresses fk_street; Type: FK CONSTRAINT; Schema: public; Owner: postgres
--

ALTER TABLE ONLY public.addresses
    ADD CONSTRAINT fk_street FOREIGN KEY (street_id) REFERENCES public.streets(id);


--
-- Name: addresses fk_town; Type: FK CONSTRAINT; Schema: public; Owner: postgres
--

ALTER TABLE ONLY public.addresses
    ADD CONSTRAINT fk_town FOREIGN KEY (town_id) REFERENCES public.towns(id);


--
-- Name: users_history fk_users; Type: FK CONSTRAINT; Schema: public; Owner: postgres
--

ALTER TABLE ONLY public.users_history
    ADD CONSTRAINT fk_users FOREIGN KEY (user_id) REFERENCES public.users(id);


--
-- Name: addresses fk_voivodeship; Type: FK CONSTRAINT; Schema: public; Owner: postgres
--

ALTER TABLE ONLY public.addresses
    ADD CONSTRAINT fk_voivodeship FOREIGN KEY (voivodeship_id) REFERENCES public.voivodeships(id);


--
-- Name: TABLE addresses; Type: ACL; Schema: public; Owner: postgres
--

GRANT SELECT ON TABLE public.addresses TO observers;
GRANT SELECT,INSERT ON TABLE public.addresses TO office_workers;
GRANT SELECT,INSERT,UPDATE ON TABLE public.addresses TO managers;


--
-- Name: TABLE clients; Type: ACL; Schema: public; Owner: postgres
--

GRANT SELECT ON TABLE public.clients TO observers;
GRANT SELECT,INSERT ON TABLE public.clients TO office_workers;
GRANT SELECT,INSERT,UPDATE ON TABLE public.clients TO managers;


--
-- Name: TABLE countries; Type: ACL; Schema: public; Owner: postgres
--

GRANT SELECT ON TABLE public.countries TO observers;
GRANT SELECT,INSERT ON TABLE public.countries TO office_workers;
GRANT SELECT,INSERT,UPDATE ON TABLE public.countries TO managers;


--
-- Name: TABLE order_data; Type: ACL; Schema: public; Owner: postgres
--

GRANT SELECT ON TABLE public.order_data TO observers;
GRANT SELECT,INSERT ON TABLE public.order_data TO office_workers;
GRANT SELECT,INSERT,UPDATE ON TABLE public.order_data TO managers;


--
-- Name: TABLE order_data_packages; Type: ACL; Schema: public; Owner: postgres
--

GRANT SELECT ON TABLE public.order_data_packages TO observers;
GRANT SELECT,INSERT ON TABLE public.order_data_packages TO office_workers;
GRANT SELECT,INSERT,UPDATE ON TABLE public.order_data_packages TO managers;


--
-- Name: TABLE orders; Type: ACL; Schema: public; Owner: postgres
--

GRANT SELECT ON TABLE public.orders TO observers;
GRANT SELECT,INSERT ON TABLE public.orders TO office_workers;
GRANT SELECT,INSERT,UPDATE ON TABLE public.orders TO managers;


--
-- Name: TABLE users; Type: ACL; Schema: public; Owner: postgres
--

GRANT SELECT ON TABLE public.users TO observers;
GRANT SELECT,INSERT ON TABLE public.users TO office_workers;
GRANT SELECT,INSERT,UPDATE ON TABLE public.users TO managers;


--
-- Name: TABLE package_types; Type: ACL; Schema: public; Owner: postgres
--

GRANT SELECT ON TABLE public.package_types TO observers;
GRANT SELECT,INSERT ON TABLE public.package_types TO office_workers;
GRANT SELECT,INSERT,UPDATE ON TABLE public.package_types TO managers;


--
-- Name: TABLE packages; Type: ACL; Schema: public; Owner: postgres
--

GRANT SELECT ON TABLE public.packages TO observers;
GRANT SELECT,INSERT ON TABLE public.packages TO office_workers;
GRANT SELECT,INSERT,UPDATE ON TABLE public.packages TO managers;


--
-- Name: TABLE postal_offices; Type: ACL; Schema: public; Owner: postgres
--

GRANT SELECT ON TABLE public.postal_offices TO observers;
GRANT SELECT,INSERT ON TABLE public.postal_offices TO office_workers;
GRANT SELECT,INSERT,UPDATE ON TABLE public.postal_offices TO managers;


--
-- Name: TABLE streets; Type: ACL; Schema: public; Owner: postgres
--

GRANT SELECT ON TABLE public.streets TO observers;
GRANT SELECT,INSERT ON TABLE public.streets TO office_workers;
GRANT SELECT,INSERT,UPDATE ON TABLE public.streets TO managers;


--
-- Name: TABLE towns; Type: ACL; Schema: public; Owner: postgres
--

GRANT SELECT ON TABLE public.towns TO observers;
GRANT SELECT,INSERT ON TABLE public.towns TO office_workers;
GRANT SELECT,INSERT,UPDATE ON TABLE public.towns TO managers;


--
-- Name: TABLE users_history; Type: ACL; Schema: public; Owner: postgres
--

GRANT SELECT ON TABLE public.users_history TO observers;
GRANT SELECT,INSERT ON TABLE public.users_history TO office_workers;
GRANT SELECT,INSERT,UPDATE ON TABLE public.users_history TO managers;


--
-- Name: TABLE voivodeships; Type: ACL; Schema: public; Owner: postgres
--

GRANT SELECT ON TABLE public.voivodeships TO observers;
GRANT SELECT,INSERT ON TABLE public.voivodeships TO office_workers;
GRANT SELECT,INSERT,UPDATE ON TABLE public.voivodeships TO managers;


--
-- PostgreSQL database dump complete
--

